-- phpMyAdmin SQL Dump
-- version 4.8.4
-- https://www.phpmyadmin.net/
--
-- Host: 127.0.0.1:3306
-- Generation Time: Sep 03, 2019 at 04:08 PM
-- Server version: 5.7.24
-- PHP Version: 7.2.14

SET SQL_MODE = "NO_AUTO_VALUE_ON_ZERO";
SET AUTOCOMMIT = 0;
START TRANSACTION;
SET time_zone = "+00:00";


/*!40101 SET @OLD_CHARACTER_SET_CLIENT=@@CHARACTER_SET_CLIENT */;
/*!40101 SET @OLD_CHARACTER_SET_RESULTS=@@CHARACTER_SET_RESULTS */;
/*!40101 SET @OLD_COLLATION_CONNECTION=@@COLLATION_CONNECTION */;
/*!40101 SET NAMES utf8mb4 */;

--
-- Database: `lsapp2`
--

-- --------------------------------------------------------

--
-- Table structure for table `categories`
--

DROP TABLE IF EXISTS `categories`;
CREATE TABLE IF NOT EXISTS `categories` (
  `id` bigint(20) UNSIGNED NOT NULL AUTO_INCREMENT,
  `name` varchar(191) COLLATE utf8mb4_unicode_ci NOT NULL,
  `color` varchar(191) COLLATE utf8mb4_unicode_ci NOT NULL,
  PRIMARY KEY (`id`)
) ENGINE=MyISAM AUTO_INCREMENT=5 DEFAULT CHARSET=utf8mb4 COLLATE=utf8mb4_unicode_ci;

--
-- Dumping data for table `categories`
--

INSERT INTO `categories` (`id`, `name`, `color`) VALUES
(1, 'woonbegeleider', 'orange'),
(2, 'zelf', 'cyan'),
(3, 'familie_dagcentrum_begeleid', 'green'),
(4, 'verpleging_thuishulp_poetshulp', 'red');

-- --------------------------------------------------------

--
-- Table structure for table `cells`
--

DROP TABLE IF EXISTS `cells`;
CREATE TABLE IF NOT EXISTS `cells` (
  `id` bigint(20) UNSIGNED NOT NULL AUTO_INCREMENT,
  `y` varchar(191) COLLATE utf8mb4_unicode_ci NOT NULL,
  `task_id` int(11) NOT NULL,
  `table_id` int(11) NOT NULL,
  `time` datetime NOT NULL,
  `client_id` int(11) NOT NULL,
  `floor_id` int(11) NOT NULL,
  `category_id` int(11) NOT NULL,
  `task_done` int(11) NOT NULL,
  PRIMARY KEY (`id`)
) ENGINE=MyISAM AUTO_INCREMENT=1657 DEFAULT CHARSET=utf8mb4 COLLATE=utf8mb4_unicode_ci;

--
-- Dumping data for table `cells`
--

INSERT INTO `cells` (`id`, `y`, `task_id`, `table_id`, `time`, `client_id`, `floor_id`, `category_id`, `task_done`) VALUES
(1, '1', 1, 1, '2019-08-05 06:00:00', 1, 12, 1, 0),
(2, '1', 1, 1, '2019-08-05 06:00:00', 2, 12, 1, 0),
(3, '1', 1, 1, '2019-08-05 06:00:00', 3, 12, 1, 0),
(4, '1', 1, 1, '2019-08-05 06:00:00', 4, 12, 1, 0),
(5, '1', 1, 1, '2019-08-05 06:00:00', 5, 12, 1, 0),
(6, '1', 1, 1, '2019-08-05 06:00:00', 6, 12, 1, 0),
(7, '1', 1, 1, '2019-08-05 06:00:00', 7, 11, 1, 0),
(8, '1', 1, 1, '2019-08-05 06:00:00', 8, 11, 1, 0),
(9, '1', 1, 1, '2019-08-05 06:00:00', 9, 11, 1, 0),
(10, '1', 1, 1, '2019-08-05 06:00:00', 10, 11, 1, 0),
(11, '1', 1, 1, '2019-08-05 06:00:00', 11, 11, 1, 0),
(12, '1', 1, 1, '2019-08-05 06:00:00', 12, 11, 1, 0),
(13, '1', 1, 1, '2019-08-05 06:00:00', 13, 11, 1, 0),
(14, '1', 1, 1, '2019-08-05 06:00:00', 14, 10, 1, 0),
(15, '1', 1, 1, '2019-08-05 06:00:00', 15, 10, 1, 0),
(16, '1', 1, 1, '2019-08-05 06:00:00', 16, 10, 1, 0),
(17, '1', 1, 1, '2019-08-05 06:00:00', 17, 10, 1, 0),
(18, '1', 1, 1, '2019-08-05 06:00:00', 18, 10, 1, 0),
(19, '1', 1, 1, '2019-08-05 06:00:00', 19, 10, 1, 0),
(20, '1', 1, 1, '2019-08-05 06:00:00', 20, 10, 1, 0),
(21, '1', 1, 1, '2019-08-05 06:00:00', 21, 14, 1, 0),
(22, '1', 1, 1, '2019-08-05 06:00:00', 22, 14, 1, 0),
(23, '1', 1, 1, '2019-08-05 06:00:00', 23, 14, 1, 0),
(24, '2', 3, 1, '2019-08-05 06:15:00', 1, 12, 3, 0),
(25, '2', 1, 1, '2019-08-05 06:15:00', 2, 12, 1, 0),
(26, '2', 1, 1, '2019-08-05 06:15:00', 3, 12, 1, 0),
(27, '2', 1, 1, '2019-08-05 06:15:00', 4, 12, 1, 0),
(28, '2', 1, 1, '2019-08-05 06:15:00', 5, 12, 1, 0),
(29, '2', 1, 1, '2019-08-05 06:15:00', 6, 12, 1, 0),
(30, '2', 1, 1, '2019-08-05 06:15:00', 7, 11, 1, 0),
(31, '2', 1, 1, '2019-08-05 06:15:00', 8, 11, 1, 0),
(32, '2', 1, 1, '2019-08-05 06:15:00', 9, 11, 1, 0),
(33, '2', 1, 1, '2019-08-05 06:15:00', 10, 11, 1, 0),
(34, '2', 1, 1, '2019-08-05 06:15:00', 11, 11, 1, 0),
(35, '2', 1, 1, '2019-08-05 06:15:00', 12, 11, 1, 0),
(36, '2', 1, 1, '2019-08-05 06:15:00', 13, 11, 1, 0),
(37, '2', 1, 1, '2019-08-05 06:15:00', 14, 10, 1, 0),
(38, '2', 1, 1, '2019-08-05 06:15:00', 15, 10, 1, 0),
(39, '2', 1, 1, '2019-08-05 06:15:00', 16, 10, 1, 0),
(40, '2', 1, 1, '2019-08-05 06:15:00', 17, 10, 1, 0),
(41, '2', 1, 1, '2019-08-05 06:15:00', 18, 10, 1, 0),
(42, '2', 1, 1, '2019-08-05 06:15:00', 19, 10, 1, 0),
(43, '2', 1, 1, '2019-08-05 06:15:00', 20, 10, 1, 0),
(44, '2', 1, 1, '2019-08-05 06:15:00', 21, 14, 1, 0),
(45, '2', 1, 1, '2019-08-05 06:15:00', 22, 14, 1, 0),
(46, '2', 1, 1, '2019-08-05 06:15:00', 23, 14, 1, 0),
(47, '3', 1, 1, '2019-08-05 06:30:00', 1, 12, 1, 0),
(48, '3', 1, 1, '2019-08-05 06:30:00', 2, 12, 1, 0),
(49, '3', 1, 1, '2019-08-05 06:30:00', 3, 12, 1, 0),
(50, '3', 1, 1, '2019-08-05 06:30:00', 4, 12, 1, 0),
(51, '3', 1, 1, '2019-08-05 06:30:00', 5, 12, 1, 0),
(52, '3', 1, 1, '2019-08-05 06:30:00', 6, 12, 1, 0),
(53, '3', 1, 1, '2019-08-05 06:30:00', 7, 11, 1, 0),
(54, '3', 30, 1, '2019-08-05 06:30:00', 8, 11, 1, 0),
(55, '3', 1, 1, '2019-08-05 06:30:00', 9, 11, 1, 0),
(56, '3', 1, 1, '2019-08-05 06:30:00', 10, 11, 1, 0),
(57, '3', 1, 1, '2019-08-05 06:30:00', 11, 11, 1, 0),
(58, '3', 1, 1, '2019-08-05 06:30:00', 12, 11, 1, 0),
(59, '3', 1, 1, '2019-08-05 06:30:00', 13, 11, 1, 0),
(60, '3', 1, 1, '2019-08-05 06:30:00', 14, 10, 1, 0),
(61, '3', 1, 1, '2019-08-05 06:30:00', 15, 10, 1, 0),
(62, '3', 1, 1, '2019-08-05 06:30:00', 16, 10, 1, 0),
(63, '3', 1, 1, '2019-08-05 06:30:00', 17, 10, 1, 0),
(64, '3', 1, 1, '2019-08-05 06:30:00', 18, 10, 1, 0),
(65, '3', 1, 1, '2019-08-05 06:30:00', 19, 10, 1, 0),
(66, '3', 1, 1, '2019-08-05 06:30:00', 20, 10, 1, 0),
(67, '3', 1, 1, '2019-08-05 06:30:00', 21, 14, 1, 0),
(68, '3', 1, 1, '2019-08-05 06:30:00', 22, 14, 1, 0),
(69, '3', 1, 1, '2019-08-05 06:30:00', 23, 14, 1, 0),
(70, '4', 1, 1, '2019-08-05 06:45:00', 1, 12, 1, 0),
(71, '4', 1, 1, '2019-08-05 06:45:00', 2, 12, 1, 0),
(72, '4', 1, 1, '2019-08-05 06:45:00', 3, 12, 1, 0),
(73, '4', 1, 1, '2019-08-05 06:45:00', 4, 12, 1, 0),
(74, '4', 1, 1, '2019-08-05 06:45:00', 5, 12, 1, 0),
(75, '4', 1, 1, '2019-08-05 06:45:00', 6, 12, 1, 0),
(76, '4', 1, 1, '2019-08-05 06:45:00', 7, 11, 1, 0),
(77, '4', 6, 1, '2019-08-05 06:45:00', 8, 11, 1, 0),
(78, '4', 1, 1, '2019-08-05 06:45:00', 9, 11, 1, 0),
(79, '4', 1, 1, '2019-08-05 06:45:00', 10, 11, 1, 0),
(80, '4', 1, 1, '2019-08-05 06:45:00', 11, 11, 1, 0),
(81, '4', 1, 1, '2019-08-05 06:45:00', 12, 11, 1, 0),
(82, '4', 1, 1, '2019-08-05 06:45:00', 13, 11, 1, 0),
(83, '4', 1, 1, '2019-08-05 06:45:00', 14, 10, 1, 0),
(84, '4', 1, 1, '2019-08-05 06:45:00', 15, 10, 1, 0),
(85, '4', 1, 1, '2019-08-05 06:45:00', 16, 10, 1, 0),
(86, '4', 1, 1, '2019-08-05 06:45:00', 17, 10, 1, 0),
(87, '4', 1, 1, '2019-08-05 06:45:00', 18, 10, 1, 0),
(88, '4', 1, 1, '2019-08-05 06:45:00', 19, 10, 1, 0),
(89, '4', 1, 1, '2019-08-05 06:45:00', 20, 10, 1, 0),
(90, '4', 1, 1, '2019-08-05 06:45:00', 21, 14, 1, 0),
(91, '4', 1, 1, '2019-08-05 06:45:00', 22, 14, 1, 0),
(92, '4', 1, 1, '2019-08-05 06:45:00', 23, 14, 1, 0),
(93, '5', 8, 1, '2019-08-05 07:00:00', 1, 12, 2, 0),
(94, '5', 1, 1, '2019-08-05 07:00:00', 2, 12, 1, 0),
(95, '5', 1, 1, '2019-08-05 07:00:00', 3, 12, 1, 0),
(96, '5', 1, 1, '2019-08-05 07:00:00', 4, 12, 1, 0),
(97, '5', 1, 1, '2019-08-05 07:00:00', 5, 12, 1, 0),
(98, '5', 1, 1, '2019-08-05 07:00:00', 6, 12, 1, 0),
(99, '5', 1, 1, '2019-08-05 07:00:00', 7, 11, 1, 0),
(100, '5', 38, 1, '2019-08-05 07:00:00', 8, 11, 1, 0),
(101, '5', 1, 1, '2019-08-05 07:00:00', 9, 11, 1, 0),
(102, '5', 1, 1, '2019-08-05 07:00:00', 10, 11, 1, 0),
(103, '5', 1, 1, '2019-08-05 07:00:00', 11, 11, 1, 0),
(104, '5', 1, 1, '2019-08-05 07:00:00', 12, 11, 1, 0),
(105, '5', 30, 1, '2019-08-05 07:00:00', 13, 11, 1, 0),
(106, '5', 1, 1, '2019-08-05 07:00:00', 14, 10, 1, 0),
(107, '5', 1, 1, '2019-08-05 07:00:00', 15, 10, 1, 0),
(108, '5', 1, 1, '2019-08-05 07:00:00', 16, 10, 1, 0),
(109, '5', 2, 1, '2019-08-05 07:00:00', 17, 10, 1, 0),
(110, '5', 1, 1, '2019-08-05 07:00:00', 18, 10, 1, 0),
(111, '5', 1, 1, '2019-08-05 07:00:00', 19, 10, 1, 0),
(112, '5', 1, 1, '2019-08-05 07:00:00', 20, 10, 1, 0),
(113, '5', 30, 1, '2019-08-05 07:00:00', 21, 14, 1, 0),
(114, '5', 1, 1, '2019-08-05 07:00:00', 22, 14, 1, 0),
(115, '5', 28, 1, '2019-08-05 07:00:00', 23, 14, 1, 0),
(116, '6', 15, 1, '2019-08-05 07:15:00', 1, 12, 1, 0),
(117, '6', 45, 1, '2019-08-05 07:15:00', 2, 12, 3, 0),
(118, '6', 1, 1, '2019-08-05 07:15:00', 3, 12, 1, 0),
(119, '6', 1, 1, '2019-08-05 07:15:00', 4, 12, 1, 0),
(120, '6', 1, 1, '2019-08-05 07:15:00', 5, 12, 1, 0),
(121, '6', 1, 1, '2019-08-05 07:15:00', 6, 12, 1, 0),
(122, '6', 1, 1, '2019-08-05 07:15:00', 7, 11, 1, 0),
(123, '6', 13, 1, '2019-08-05 07:15:00', 8, 11, 1, 0),
(124, '6', 1, 1, '2019-08-05 07:15:00', 9, 11, 1, 0),
(125, '6', 1, 1, '2019-08-05 07:15:00', 10, 11, 1, 0),
(126, '6', 1, 1, '2019-08-05 07:15:00', 11, 11, 1, 0),
(127, '6', 1, 1, '2019-08-05 07:15:00', 12, 11, 1, 0),
(128, '6', 38, 1, '2019-08-05 07:15:00', 13, 11, 1, 0),
(129, '6', 1, 1, '2019-08-05 07:15:00', 14, 10, 1, 0),
(130, '6', 1, 1, '2019-08-05 07:15:00', 15, 10, 1, 0),
(131, '6', 1, 1, '2019-08-05 07:15:00', 16, 10, 1, 0),
(132, '6', 1, 1, '2019-08-05 07:15:00', 17, 10, 1, 0),
(133, '6', 30, 1, '2019-08-05 07:15:00', 18, 10, 1, 0),
(134, '6', 1, 1, '2019-08-05 07:15:00', 19, 10, 1, 0),
(135, '6', 1, 1, '2019-08-05 07:15:00', 20, 10, 1, 0),
(136, '6', 45, 1, '2019-08-05 07:15:00', 21, 14, 1, 0),
(137, '6', 30, 1, '2019-08-05 07:15:00', 22, 14, 1, 0),
(138, '6', 28, 1, '2019-08-05 07:15:00', 23, 14, 1, 0),
(139, '7', 15, 1, '2019-08-05 07:30:00', 1, 12, 1, 0),
(140, '7', 9, 1, '2019-08-05 07:30:00', 2, 12, 4, 0),
(141, '7', 1, 1, '2019-08-05 07:30:00', 3, 12, 1, 0),
(142, '7', 1, 1, '2019-08-05 07:30:00', 4, 12, 1, 0),
(143, '7', 1, 1, '2019-08-05 07:30:00', 5, 12, 1, 0),
(144, '7', 1, 1, '2019-08-05 07:30:00', 6, 12, 1, 0),
(145, '7', 1, 1, '2019-08-05 07:30:00', 7, 11, 1, 0),
(146, '7', 3, 1, '2019-08-05 07:30:00', 8, 11, 1, 0),
(147, '7', 1, 1, '2019-08-05 07:30:00', 9, 11, 1, 0),
(148, '7', 1, 1, '2019-08-05 07:30:00', 10, 11, 1, 0),
(149, '7', 30, 1, '2019-08-05 07:30:00', 11, 11, 1, 0),
(150, '7', 1, 1, '2019-08-05 07:30:00', 12, 11, 1, 0),
(151, '7', 45, 1, '2019-08-05 07:30:00', 13, 11, 1, 0),
(152, '7', 1, 1, '2019-08-05 07:30:00', 14, 10, 1, 0),
(153, '7', 1, 1, '2019-08-05 07:30:00', 15, 10, 1, 0),
(154, '7', 1, 1, '2019-08-05 07:30:00', 16, 10, 1, 0),
(155, '7', 30, 1, '2019-08-05 07:30:00', 17, 10, 1, 0),
(156, '7', 6, 1, '2019-08-05 07:30:00', 18, 10, 1, 0),
(157, '7', 30, 1, '2019-08-05 07:30:00', 19, 10, 1, 0),
(158, '7', 1, 1, '2019-08-05 07:30:00', 20, 10, 1, 0),
(159, '7', 15, 1, '2019-08-05 07:30:00', 21, 14, 1, 0),
(160, '7', 45, 1, '2019-08-05 07:30:00', 22, 14, 1, 0),
(161, '7', 28, 1, '2019-08-05 07:30:00', 23, 14, 1, 0),
(162, '8', 9, 1, '2019-08-05 07:45:00', 1, 12, 2, 0),
(163, '8', 9, 1, '2019-08-05 07:45:00', 2, 12, 2, 0),
(164, '8', 3, 1, '2019-08-05 07:45:00', 3, 12, 1, 0),
(165, '8', 1, 1, '2019-08-05 07:45:00', 4, 12, 1, 0),
(166, '8', 1, 1, '2019-08-05 07:45:00', 5, 12, 1, 0),
(167, '8', 1, 1, '2019-08-05 07:45:00', 6, 12, 1, 0),
(168, '8', 30, 1, '2019-08-05 07:45:00', 7, 11, 1, 0),
(169, '8', 30, 1, '2019-08-05 07:45:00', 8, 11, 1, 0),
(170, '8', 1, 1, '2019-08-05 07:45:00', 9, 11, 1, 0),
(171, '8', 5, 1, '2019-08-05 07:45:00', 10, 11, 1, 0),
(172, '8', 1, 1, '2019-08-05 07:45:00', 11, 11, 1, 0),
(173, '8', 13, 1, '2019-08-05 07:45:00', 12, 11, 1, 0),
(174, '8', 45, 1, '2019-08-05 07:45:00', 13, 11, 1, 0),
(175, '8', 1, 1, '2019-08-05 07:45:00', 14, 10, 1, 0),
(176, '8', 45, 1, '2019-08-05 07:45:00', 15, 10, 1, 0),
(177, '8', 1, 1, '2019-08-05 07:45:00', 16, 10, 1, 0),
(178, '8', 1, 1, '2019-08-05 07:45:00', 17, 10, 1, 0),
(179, '8', 1, 1, '2019-08-05 07:45:00', 18, 10, 1, 0),
(180, '8', 15, 1, '2019-08-05 07:45:00', 19, 10, 1, 0),
(181, '8', 13, 1, '2019-08-05 07:45:00', 20, 10, 1, 0),
(182, '8', 38, 1, '2019-08-05 07:45:00', 21, 14, 1, 0),
(183, '8', 1, 1, '2019-08-05 07:45:00', 22, 14, 1, 0),
(184, '8', 15, 1, '2019-08-05 07:45:00', 23, 14, 1, 0),
(185, '9', 1, 1, '2019-08-05 08:00:00', 1, 12, 1, 0),
(186, '9', 30, 1, '2019-08-05 08:00:00', 2, 12, 1, 0),
(187, '9', 1, 1, '2019-08-05 08:00:00', 3, 12, 1, 0),
(188, '9', 30, 1, '2019-08-05 08:00:00', 4, 12, 1, 0),
(189, '9', 38, 1, '2019-08-05 08:00:00', 5, 12, 1, 0),
(190, '9', 26, 1, '2019-08-05 08:00:00', 6, 12, 1, 0),
(191, '9', 1, 1, '2019-08-05 08:00:00', 7, 11, 1, 0),
(192, '9', 17, 1, '2019-08-05 08:00:00', 8, 11, 1, 0),
(193, '9', 1, 1, '2019-08-05 08:00:00', 9, 11, 1, 0),
(194, '9', 3, 1, '2019-08-05 08:00:00', 10, 11, 1, 0),
(195, '9', 5, 1, '2019-08-05 08:00:00', 11, 11, 1, 0),
(196, '9', 28, 1, '2019-08-05 08:00:00', 12, 11, 1, 0),
(197, '9', 16, 1, '2019-08-05 08:00:00', 13, 11, 1, 0),
(198, '9', 30, 1, '2019-08-05 08:00:00', 14, 10, 1, 0),
(199, '9', 1, 1, '2019-08-05 08:00:00', 15, 10, 1, 0),
(200, '9', 22, 1, '2019-08-05 08:00:00', 16, 10, 1, 0),
(201, '9', 45, 1, '2019-08-05 08:00:00', 17, 10, 1, 0),
(202, '9', 3, 1, '2019-08-05 08:00:00', 18, 10, 1, 0),
(203, '9', 45, 1, '2019-08-05 08:00:00', 19, 10, 1, 0),
(204, '9', 1, 1, '2019-08-05 08:00:00', 20, 10, 1, 0),
(205, '9', 33, 1, '2019-08-05 08:00:00', 21, 14, 1, 0),
(206, '9', 15, 1, '2019-08-05 08:00:00', 22, 14, 1, 0),
(207, '9', 28, 1, '2019-08-05 08:00:00', 23, 14, 1, 0),
(208, '10', 18, 1, '2019-08-05 08:15:00', 1, 12, 1, 0),
(209, '10', 22, 1, '2019-08-05 08:15:00', 2, 12, 1, 0),
(210, '10', 15, 1, '2019-08-05 08:15:00', 3, 12, 1, 0),
(211, '10', 1, 1, '2019-08-05 08:15:00', 4, 12, 1, 0),
(212, '10', 45, 1, '2019-08-05 08:15:00', 5, 12, 1, 0),
(213, '10', 45, 1, '2019-08-05 08:15:00', 6, 12, 1, 0),
(214, '10', 13, 1, '2019-08-05 08:15:00', 7, 11, 1, 0),
(215, '10', 1, 1, '2019-08-05 08:15:00', 8, 11, 1, 0),
(216, '10', 15, 1, '2019-08-05 08:15:00', 9, 11, 1, 0),
(217, '10', 1, 1, '2019-08-05 08:15:00', 10, 11, 1, 0),
(218, '10', 38, 1, '2019-08-05 08:15:00', 11, 11, 1, 0),
(219, '10', 17, 1, '2019-08-05 08:15:00', 12, 11, 1, 0),
(220, '10', 28, 1, '2019-08-05 08:15:00', 13, 11, 1, 0),
(221, '10', 15, 1, '2019-08-05 08:15:00', 14, 10, 1, 0),
(222, '10', 38, 1, '2019-08-05 08:15:00', 15, 10, 1, 0),
(223, '10', 30, 1, '2019-08-05 08:15:00', 16, 10, 1, 0),
(224, '10', 15, 1, '2019-08-05 08:15:00', 17, 10, 1, 0),
(225, '10', 3, 1, '2019-08-05 08:15:00', 18, 10, 1, 0),
(226, '10', 26, 1, '2019-08-05 08:15:00', 19, 10, 1, 0),
(227, '10', 3, 1, '2019-08-05 08:15:00', 20, 10, 1, 0),
(228, '10', 1, 1, '2019-08-05 08:15:00', 21, 14, 1, 0),
(229, '10', 33, 1, '2019-08-05 08:15:00', 22, 14, 1, 0),
(230, '10', 15, 1, '2019-08-05 08:15:00', 23, 14, 1, 0),
(231, '11', 9, 1, '2019-08-05 08:30:00', 1, 12, 1, 0),
(232, '11', 45, 1, '2019-08-05 08:30:00', 2, 12, 1, 0),
(233, '11', 1, 1, '2019-08-05 08:30:00', 3, 12, 1, 0),
(234, '11', 15, 1, '2019-08-05 08:30:00', 4, 12, 1, 0),
(235, '11', 45, 1, '2019-08-05 08:30:00', 5, 12, 1, 0),
(236, '11', 3, 1, '2019-08-05 08:30:00', 6, 12, 1, 0),
(237, '11', 1, 1, '2019-08-05 08:30:00', 7, 11, 1, 0),
(238, '11', 26, 1, '2019-08-05 08:30:00', 8, 11, 1, 0),
(239, '11', 1, 1, '2019-08-05 08:30:00', 9, 11, 1, 0),
(240, '11', 2, 1, '2019-08-05 08:30:00', 10, 11, 1, 0),
(241, '11', 15, 1, '2019-08-05 08:30:00', 11, 11, 1, 0),
(242, '11', 28, 1, '2019-08-05 08:30:00', 12, 11, 1, 0),
(243, '11', 15, 1, '2019-08-05 08:30:00', 13, 11, 1, 0),
(244, '11', 15, 1, '2019-08-05 08:30:00', 14, 10, 1, 0),
(245, '11', 45, 1, '2019-08-05 08:30:00', 15, 10, 1, 0),
(246, '11', 1, 1, '2019-08-05 08:30:00', 16, 10, 1, 0),
(247, '11', 3, 1, '2019-08-05 08:30:00', 17, 10, 1, 0),
(248, '11', 15, 1, '2019-08-05 08:30:00', 18, 10, 1, 0),
(249, '11', 15, 1, '2019-08-05 08:30:00', 19, 10, 1, 0),
(250, '11', 1, 1, '2019-08-05 08:30:00', 20, 10, 1, 0),
(251, '11', 33, 1, '2019-08-05 08:30:00', 21, 14, 1, 0),
(252, '11', 36, 1, '2019-08-05 08:30:00', 22, 14, 1, 0),
(253, '11', 28, 1, '2019-08-05 08:30:00', 23, 14, 1, 0),
(254, '12', 12, 1, '2019-08-05 08:45:00', 1, 12, 1, 0),
(255, '12', 36, 1, '2019-08-05 08:45:00', 2, 12, 1, 0),
(256, '12', 1, 1, '2019-08-05 08:45:00', 3, 12, 1, 0),
(257, '12', 15, 1, '2019-08-05 08:45:00', 4, 12, 1, 0),
(258, '12', 45, 1, '2019-08-05 08:45:00', 5, 12, 1, 0),
(259, '12', 15, 1, '2019-08-05 08:45:00', 6, 12, 1, 0),
(260, '12', 1, 1, '2019-08-05 08:45:00', 7, 11, 1, 0),
(261, '12', 17, 1, '2019-08-05 08:45:00', 8, 11, 1, 0),
(262, '12', 1, 1, '2019-08-05 08:45:00', 9, 11, 1, 0),
(263, '12', 26, 1, '2019-08-05 08:45:00', 10, 11, 1, 0),
(264, '12', 15, 1, '2019-08-05 08:45:00', 11, 11, 1, 0),
(265, '12', 38, 1, '2019-08-05 08:45:00', 12, 11, 1, 0),
(266, '12', 36, 1, '2019-08-05 08:45:00', 13, 11, 1, 0),
(267, '12', 15, 1, '2019-08-05 08:45:00', 14, 10, 1, 0),
(268, '12', 45, 1, '2019-08-05 08:45:00', 15, 10, 1, 0),
(269, '12', 36, 1, '2019-08-05 08:45:00', 16, 10, 1, 0),
(270, '12', 17, 1, '2019-08-05 08:45:00', 17, 10, 1, 0),
(271, '12', 15, 1, '2019-08-05 08:45:00', 18, 10, 1, 0),
(272, '12', 15, 1, '2019-08-05 08:45:00', 19, 10, 1, 0),
(273, '12', 1, 1, '2019-08-05 08:45:00', 20, 10, 1, 0),
(274, '12', 33, 1, '2019-08-05 08:45:00', 21, 14, 1, 0),
(275, '12', 1, 1, '2019-08-05 08:45:00', 22, 14, 1, 0),
(276, '12', 28, 1, '2019-08-05 08:45:00', 23, 14, 1, 0),
(277, '13', 12, 1, '2019-08-05 09:00:00', 1, 12, 1, 0),
(278, '13', 26, 1, '2019-08-05 09:00:00', 2, 12, 1, 0),
(279, '13', 1, 1, '2019-08-05 09:00:00', 3, 12, 1, 0),
(280, '13', 36, 1, '2019-08-05 09:00:00', 4, 12, 1, 0),
(281, '13', 15, 1, '2019-08-05 09:00:00', 5, 12, 1, 0),
(282, '13', 15, 1, '2019-08-05 09:00:00', 6, 12, 1, 0),
(283, '13', 1, 1, '2019-08-05 09:00:00', 7, 11, 1, 0),
(284, '13', 12, 1, '2019-08-05 09:00:00', 8, 11, 1, 0),
(285, '13', 1, 1, '2019-08-05 09:00:00', 9, 11, 1, 0),
(286, '13', 36, 1, '2019-08-05 09:00:00', 10, 11, 1, 0),
(287, '13', 35, 1, '2019-08-05 09:00:00', 11, 11, 1, 0),
(288, '13', 37, 1, '2019-08-05 09:00:00', 12, 11, 1, 0),
(289, '13', 12, 1, '2019-08-05 09:00:00', 13, 11, 1, 0),
(290, '13', 15, 1, '2019-08-05 09:00:00', 14, 10, 1, 0),
(291, '13', 14, 1, '2019-08-05 09:00:00', 15, 10, 1, 0),
(292, '13', 1, 1, '2019-08-05 09:00:00', 16, 10, 1, 0),
(293, '13', 26, 1, '2019-08-05 09:00:00', 17, 10, 1, 0),
(294, '13', 17, 1, '2019-08-05 09:00:00', 18, 10, 1, 0),
(295, '13', 15, 1, '2019-08-05 09:00:00', 19, 10, 1, 0),
(296, '13', 1, 1, '2019-08-05 09:00:00', 20, 10, 1, 0),
(297, '13', 26, 1, '2019-08-05 09:00:00', 21, 14, 1, 0),
(298, '13', 1, 1, '2019-08-05 09:00:00', 22, 14, 1, 0),
(299, '13', 28, 1, '2019-08-05 09:00:00', 23, 14, 1, 0),
(300, '14', 12, 1, '2019-08-05 09:15:00', 1, 12, 1, 0),
(301, '14', 12, 1, '2019-08-05 09:15:00', 2, 12, 1, 0),
(302, '14', 1, 1, '2019-08-05 09:15:00', 3, 12, 1, 0),
(303, '14', 7, 1, '2019-08-05 09:15:00', 4, 12, 1, 0),
(304, '14', 15, 1, '2019-08-05 09:15:00', 5, 12, 1, 0),
(305, '14', 17, 1, '2019-08-05 09:15:00', 6, 12, 1, 0),
(306, '14', 1, 1, '2019-08-05 09:15:00', 7, 11, 1, 0),
(307, '14', 12, 1, '2019-08-05 09:15:00', 8, 11, 1, 0),
(308, '14', 1, 1, '2019-08-05 09:15:00', 9, 11, 1, 0),
(309, '14', 20, 1, '2019-08-05 09:15:00', 10, 11, 1, 0),
(310, '14', 2, 1, '2019-08-05 09:15:00', 11, 11, 1, 0),
(311, '14', 37, 1, '2019-08-05 09:15:00', 12, 11, 1, 0),
(312, '14', 12, 1, '2019-08-05 09:15:00', 13, 11, 1, 0),
(313, '14', 22, 1, '2019-08-05 09:15:00', 14, 10, 1, 0),
(314, '14', 12, 1, '2019-08-05 09:15:00', 15, 10, 1, 0),
(315, '14', 42, 1, '2019-08-05 09:15:00', 16, 10, 1, 0),
(316, '14', 12, 1, '2019-08-05 09:15:00', 17, 10, 1, 0),
(317, '14', 36, 1, '2019-08-05 09:15:00', 18, 10, 1, 0),
(318, '14', 12, 1, '2019-08-05 09:15:00', 19, 10, 1, 0),
(319, '14', 1, 1, '2019-08-05 09:15:00', 20, 10, 1, 0),
(320, '14', 33, 1, '2019-08-05 09:15:00', 21, 14, 1, 0),
(321, '14', 1, 1, '2019-08-05 09:15:00', 22, 14, 1, 0),
(322, '14', 28, 1, '2019-08-05 09:15:00', 23, 14, 1, 0),
(323, '15', 12, 1, '2019-08-05 09:30:00', 1, 12, 1, 0),
(324, '15', 12, 1, '2019-08-05 09:30:00', 2, 12, 1, 0),
(325, '15', 1, 1, '2019-08-05 09:30:00', 3, 12, 1, 0),
(326, '15', 7, 1, '2019-08-05 09:30:00', 4, 12, 1, 0),
(327, '15', 15, 1, '2019-08-05 09:30:00', 5, 12, 1, 0),
(328, '15', 36, 1, '2019-08-05 09:30:00', 6, 12, 1, 0),
(329, '15', 1, 1, '2019-08-05 09:30:00', 7, 11, 1, 0),
(330, '15', 12, 1, '2019-08-05 09:30:00', 8, 11, 1, 0),
(331, '15', 1, 1, '2019-08-05 09:30:00', 9, 11, 1, 0),
(332, '15', 20, 1, '2019-08-05 09:30:00', 10, 11, 1, 0),
(333, '15', 37, 1, '2019-08-05 09:30:00', 11, 11, 1, 0),
(334, '15', 37, 1, '2019-08-05 09:30:00', 12, 11, 1, 0),
(335, '15', 12, 1, '2019-08-05 09:30:00', 13, 11, 1, 0),
(336, '15', 22, 1, '2019-08-05 09:30:00', 14, 10, 1, 0),
(337, '15', 12, 1, '2019-08-05 09:30:00', 15, 10, 1, 0),
(338, '15', 12, 1, '2019-08-05 09:30:00', 16, 10, 1, 0),
(339, '15', 12, 1, '2019-08-05 09:30:00', 17, 10, 1, 0),
(340, '15', 35, 1, '2019-08-05 09:30:00', 18, 10, 1, 0),
(341, '15', 12, 1, '2019-08-05 09:30:00', 19, 10, 1, 0),
(342, '15', 1, 1, '2019-08-05 09:30:00', 20, 10, 1, 0),
(343, '15', 33, 1, '2019-08-05 09:30:00', 21, 14, 1, 0),
(344, '15', 1, 1, '2019-08-05 09:30:00', 22, 14, 1, 0),
(345, '15', 28, 1, '2019-08-05 09:30:00', 23, 14, 1, 0),
(346, '16', 12, 1, '2019-08-05 09:45:00', 1, 12, 1, 0),
(347, '16', 12, 1, '2019-08-05 09:45:00', 2, 12, 1, 0),
(348, '16', 1, 1, '2019-08-05 09:45:00', 3, 12, 1, 0),
(349, '16', 7, 1, '2019-08-05 09:45:00', 4, 12, 1, 0),
(350, '16', 12, 1, '2019-08-05 09:45:00', 5, 12, 1, 0),
(351, '16', 12, 1, '2019-08-05 09:45:00', 6, 12, 1, 0),
(352, '16', 1, 1, '2019-08-05 09:45:00', 7, 11, 1, 0),
(353, '16', 12, 1, '2019-08-05 09:45:00', 8, 11, 1, 0),
(354, '16', 1, 1, '2019-08-05 09:45:00', 9, 11, 1, 0),
(355, '16', 1, 1, '2019-08-05 09:45:00', 10, 11, 1, 0),
(356, '16', 37, 1, '2019-08-05 09:45:00', 11, 11, 1, 0),
(357, '16', 37, 1, '2019-08-05 09:45:00', 12, 11, 1, 0),
(358, '16', 12, 1, '2019-08-05 09:45:00', 13, 11, 1, 0),
(359, '16', 12, 1, '2019-08-05 09:45:00', 14, 10, 1, 0),
(360, '16', 12, 1, '2019-08-05 09:45:00', 15, 10, 1, 0),
(361, '16', 12, 1, '2019-08-05 09:45:00', 16, 10, 1, 0),
(362, '16', 12, 1, '2019-08-05 09:45:00', 17, 10, 1, 0),
(363, '16', 35, 1, '2019-08-05 09:45:00', 18, 10, 1, 0),
(364, '16', 12, 1, '2019-08-05 09:45:00', 19, 10, 1, 0),
(365, '16', 1, 1, '2019-08-05 09:45:00', 20, 10, 1, 0),
(366, '16', 33, 1, '2019-08-05 09:45:00', 21, 14, 1, 0),
(367, '16', 1, 1, '2019-08-05 09:45:00', 22, 14, 1, 0),
(368, '16', 28, 1, '2019-08-05 09:45:00', 23, 14, 1, 0),
(369, '17', 12, 1, '2019-08-05 10:00:00', 1, 12, 1, 0),
(370, '17', 12, 1, '2019-08-05 10:00:00', 2, 12, 1, 0),
(371, '17', 1, 1, '2019-08-05 10:00:00', 3, 12, 1, 0),
(372, '17', 7, 1, '2019-08-05 10:00:00', 4, 12, 1, 0),
(373, '17', 12, 1, '2019-08-05 10:00:00', 5, 12, 1, 0),
(374, '17', 12, 1, '2019-08-05 10:00:00', 6, 12, 1, 0),
(375, '17', 1, 1, '2019-08-05 10:00:00', 7, 11, 1, 0),
(376, '17', 12, 1, '2019-08-05 10:00:00', 8, 11, 1, 0),
(377, '17', 37, 1, '2019-08-05 10:00:00', 9, 11, 1, 0),
(378, '17', 1, 1, '2019-08-05 10:00:00', 10, 11, 1, 0),
(379, '17', 37, 1, '2019-08-05 10:00:00', 11, 11, 1, 0),
(380, '17', 37, 1, '2019-08-05 10:00:00', 12, 11, 1, 0),
(381, '17', 12, 1, '2019-08-05 10:00:00', 13, 11, 1, 0),
(382, '17', 12, 1, '2019-08-05 10:00:00', 14, 10, 1, 0),
(383, '17', 12, 1, '2019-08-05 10:00:00', 15, 10, 1, 0),
(384, '17', 12, 1, '2019-08-05 10:00:00', 16, 10, 1, 0),
(385, '17', 12, 1, '2019-08-05 10:00:00', 17, 10, 1, 0),
(386, '17', 37, 1, '2019-08-05 10:00:00', 18, 10, 1, 0),
(387, '17', 12, 1, '2019-08-05 10:00:00', 19, 10, 1, 0),
(388, '17', 1, 1, '2019-08-05 10:00:00', 20, 10, 1, 0),
(389, '17', 12, 1, '2019-08-05 10:00:00', 21, 14, 1, 0),
(390, '17', 33, 1, '2019-08-05 10:00:00', 22, 14, 1, 0),
(391, '17', 28, 1, '2019-08-05 10:00:00', 23, 14, 1, 0),
(392, '18', 12, 1, '2019-08-05 10:15:00', 1, 12, 1, 0),
(393, '18', 12, 1, '2019-08-05 10:15:00', 2, 12, 1, 0),
(394, '18', 1, 1, '2019-08-05 10:15:00', 3, 12, 1, 0),
(395, '18', 7, 1, '2019-08-05 10:15:00', 4, 12, 1, 0),
(396, '18', 12, 1, '2019-08-05 10:15:00', 5, 12, 1, 0),
(397, '18', 12, 1, '2019-08-05 10:15:00', 6, 12, 1, 0),
(398, '18', 1, 1, '2019-08-05 10:15:00', 7, 11, 1, 0),
(399, '18', 12, 1, '2019-08-05 10:15:00', 8, 11, 1, 0),
(400, '18', 37, 1, '2019-08-05 10:15:00', 9, 11, 1, 0),
(401, '18', 46, 1, '2019-08-05 10:15:00', 10, 11, 1, 0),
(402, '18', 37, 1, '2019-08-05 10:15:00', 11, 11, 1, 0),
(403, '18', 37, 1, '2019-08-05 10:15:00', 12, 11, 1, 0),
(404, '18', 12, 1, '2019-08-05 10:15:00', 13, 11, 1, 0),
(405, '18', 12, 1, '2019-08-05 10:15:00', 14, 10, 1, 0),
(406, '18', 12, 1, '2019-08-05 10:15:00', 15, 10, 1, 0),
(407, '18', 12, 1, '2019-08-05 10:15:00', 16, 10, 1, 0),
(408, '18', 12, 1, '2019-08-05 10:15:00', 17, 10, 1, 0),
(409, '18', 37, 1, '2019-08-05 10:15:00', 18, 10, 1, 0),
(410, '18', 12, 1, '2019-08-05 10:15:00', 19, 10, 1, 0),
(411, '18', 1, 1, '2019-08-05 10:15:00', 20, 10, 1, 0),
(412, '18', 12, 1, '2019-08-05 10:15:00', 21, 14, 1, 0),
(413, '18', 33, 1, '2019-08-05 10:15:00', 22, 14, 1, 0),
(414, '18', 28, 1, '2019-08-05 10:15:00', 23, 14, 1, 0),
(415, '19', 12, 1, '2019-08-05 10:30:00', 1, 12, 1, 0),
(416, '19', 12, 1, '2019-08-05 10:30:00', 2, 12, 1, 0),
(417, '19', 1, 1, '2019-08-05 10:30:00', 3, 12, 1, 0),
(418, '19', 7, 1, '2019-08-05 10:30:00', 4, 12, 1, 0),
(419, '19', 12, 1, '2019-08-05 10:30:00', 5, 12, 1, 0),
(420, '19', 12, 1, '2019-08-05 10:30:00', 6, 12, 1, 0),
(421, '19', 1, 1, '2019-08-05 10:30:00', 7, 11, 1, 0),
(422, '19', 12, 1, '2019-08-05 10:30:00', 8, 11, 1, 0),
(423, '19', 37, 1, '2019-08-05 10:30:00', 9, 11, 1, 0),
(424, '19', 46, 1, '2019-08-05 10:30:00', 10, 11, 1, 0),
(425, '19', 46, 1, '2019-08-05 10:30:00', 11, 11, 1, 0),
(426, '19', 37, 1, '2019-08-05 10:30:00', 12, 11, 1, 0),
(427, '19', 12, 1, '2019-08-05 10:30:00', 13, 11, 1, 0),
(428, '19', 12, 1, '2019-08-05 10:30:00', 14, 10, 1, 0),
(429, '19', 12, 1, '2019-08-05 10:30:00', 15, 10, 1, 0),
(430, '19', 12, 1, '2019-08-05 10:30:00', 16, 10, 1, 0),
(431, '19', 12, 1, '2019-08-05 10:30:00', 17, 10, 1, 0),
(432, '19', 37, 1, '2019-08-05 10:30:00', 18, 10, 1, 0),
(433, '19', 12, 1, '2019-08-05 10:30:00', 19, 10, 1, 0),
(434, '19', 1, 1, '2019-08-05 10:30:00', 20, 10, 1, 0),
(435, '19', 12, 1, '2019-08-05 10:30:00', 21, 14, 1, 0),
(436, '19', 33, 1, '2019-08-05 10:30:00', 22, 14, 1, 0),
(437, '19', 28, 1, '2019-08-05 10:30:00', 23, 14, 1, 0),
(438, '20', 12, 1, '2019-08-05 10:45:00', 1, 12, 1, 0),
(439, '20', 12, 1, '2019-08-05 10:45:00', 2, 12, 1, 0),
(440, '20', 1, 1, '2019-08-05 10:45:00', 3, 12, 1, 0),
(441, '20', 7, 1, '2019-08-05 10:45:00', 4, 12, 1, 0),
(442, '20', 12, 1, '2019-08-05 10:45:00', 5, 12, 1, 0),
(443, '20', 12, 1, '2019-08-05 10:45:00', 6, 12, 1, 0),
(444, '20', 1, 1, '2019-08-05 10:45:00', 7, 11, 1, 0),
(445, '20', 12, 1, '2019-08-05 10:45:00', 8, 11, 1, 0),
(446, '20', 37, 1, '2019-08-05 10:45:00', 9, 11, 1, 0),
(447, '20', 46, 1, '2019-08-05 10:45:00', 10, 11, 1, 0),
(448, '20', 46, 1, '2019-08-05 10:45:00', 11, 11, 1, 0),
(449, '20', 37, 1, '2019-08-05 10:45:00', 12, 11, 1, 0),
(450, '20', 12, 1, '2019-08-05 10:45:00', 13, 11, 1, 0),
(451, '20', 12, 1, '2019-08-05 10:45:00', 14, 10, 1, 0),
(452, '20', 12, 1, '2019-08-05 10:45:00', 15, 10, 1, 0),
(453, '20', 12, 1, '2019-08-05 10:45:00', 16, 10, 1, 0),
(454, '20', 12, 1, '2019-08-05 10:45:00', 17, 10, 1, 0),
(455, '20', 37, 1, '2019-08-05 10:45:00', 18, 10, 1, 0),
(456, '20', 12, 1, '2019-08-05 10:45:00', 19, 10, 1, 0),
(457, '20', 1, 1, '2019-08-05 10:45:00', 20, 10, 1, 0),
(458, '20', 12, 1, '2019-08-05 10:45:00', 21, 14, 1, 0),
(459, '20', 33, 1, '2019-08-05 10:45:00', 22, 14, 1, 0),
(460, '20', 28, 1, '2019-08-05 10:45:00', 23, 14, 1, 0),
(461, '21', 12, 1, '2019-08-05 11:00:00', 1, 12, 1, 0),
(462, '21', 12, 1, '2019-08-05 11:00:00', 2, 12, 1, 0),
(463, '21', 1, 1, '2019-08-05 11:00:00', 3, 12, 1, 0),
(464, '21', 7, 1, '2019-08-05 11:00:00', 4, 12, 1, 0),
(465, '21', 12, 1, '2019-08-05 11:00:00', 5, 12, 1, 0),
(466, '21', 12, 1, '2019-08-05 11:00:00', 6, 12, 1, 0),
(467, '21', 1, 1, '2019-08-05 11:00:00', 7, 11, 1, 0),
(468, '21', 12, 1, '2019-08-05 11:00:00', 8, 11, 1, 0),
(469, '21', 37, 1, '2019-08-05 11:00:00', 9, 11, 1, 0),
(470, '21', 46, 1, '2019-08-05 11:00:00', 10, 11, 1, 0),
(471, '21', 37, 1, '2019-08-05 11:00:00', 11, 11, 1, 0),
(472, '21', 37, 1, '2019-08-05 11:00:00', 12, 11, 1, 0),
(473, '21', 12, 1, '2019-08-05 11:00:00', 13, 11, 1, 0),
(474, '21', 12, 1, '2019-08-05 11:00:00', 14, 10, 1, 0),
(475, '21', 12, 1, '2019-08-05 11:00:00', 15, 10, 1, 0),
(476, '21', 12, 1, '2019-08-05 11:00:00', 16, 10, 1, 0),
(477, '21', 12, 1, '2019-08-05 11:00:00', 17, 10, 1, 0),
(478, '21', 23, 1, '2019-08-05 11:00:00', 18, 10, 1, 0),
(479, '21', 12, 1, '2019-08-05 11:00:00', 19, 10, 1, 0),
(480, '21', 1, 1, '2019-08-05 11:00:00', 20, 10, 1, 0),
(481, '21', 12, 1, '2019-08-05 11:00:00', 21, 14, 1, 0),
(482, '21', 33, 1, '2019-08-05 11:00:00', 22, 14, 1, 0),
(483, '21', 28, 1, '2019-08-05 11:00:00', 23, 14, 1, 0),
(484, '22', 12, 1, '2019-08-05 11:15:00', 1, 12, 1, 0),
(485, '22', 12, 1, '2019-08-05 11:15:00', 2, 12, 1, 0),
(486, '22', 1, 1, '2019-08-05 11:15:00', 3, 12, 1, 0),
(487, '22', 7, 1, '2019-08-05 11:15:00', 4, 12, 1, 0),
(488, '22', 12, 1, '2019-08-05 11:15:00', 5, 12, 1, 0),
(489, '22', 12, 1, '2019-08-05 11:15:00', 6, 12, 1, 0),
(490, '22', 1, 1, '2019-08-05 11:15:00', 7, 11, 1, 0),
(491, '22', 12, 1, '2019-08-05 11:15:00', 8, 11, 1, 0),
(492, '22', 37, 1, '2019-08-05 11:15:00', 9, 11, 1, 0),
(493, '22', 23, 1, '2019-08-05 11:15:00', 10, 11, 1, 0),
(494, '22', 37, 1, '2019-08-05 11:15:00', 11, 11, 1, 0),
(495, '22', 37, 1, '2019-08-05 11:15:00', 12, 11, 1, 0),
(496, '22', 12, 1, '2019-08-05 11:15:00', 13, 11, 1, 0),
(497, '22', 12, 1, '2019-08-05 11:15:00', 14, 10, 1, 0),
(498, '22', 12, 1, '2019-08-05 11:15:00', 15, 10, 1, 0),
(499, '22', 12, 1, '2019-08-05 11:15:00', 16, 10, 1, 0),
(500, '22', 12, 1, '2019-08-05 11:15:00', 17, 10, 1, 0),
(501, '22', 23, 1, '2019-08-05 11:15:00', 18, 10, 1, 0),
(502, '22', 12, 1, '2019-08-05 11:15:00', 19, 10, 1, 0),
(503, '22', 1, 1, '2019-08-05 11:15:00', 20, 10, 1, 0),
(504, '22', 12, 1, '2019-08-05 11:15:00', 21, 14, 1, 0),
(505, '22', 33, 1, '2019-08-05 11:15:00', 22, 14, 1, 0),
(506, '22', 28, 1, '2019-08-05 11:15:00', 23, 14, 1, 0),
(507, '23', 12, 1, '2019-08-05 11:30:00', 1, 12, 1, 0),
(508, '23', 12, 1, '2019-08-05 11:30:00', 2, 12, 1, 0),
(509, '23', 1, 1, '2019-08-05 11:30:00', 3, 12, 1, 0),
(510, '23', 7, 1, '2019-08-05 11:30:00', 4, 12, 1, 0),
(511, '23', 12, 1, '2019-08-05 11:30:00', 5, 12, 1, 0),
(512, '23', 12, 1, '2019-08-05 11:30:00', 6, 12, 1, 0),
(513, '23', 1, 1, '2019-08-05 11:30:00', 7, 11, 1, 0),
(514, '23', 12, 1, '2019-08-05 11:30:00', 8, 11, 1, 0),
(515, '23', 37, 1, '2019-08-05 11:30:00', 9, 11, 1, 0),
(516, '23', 23, 1, '2019-08-05 11:30:00', 10, 11, 1, 0),
(517, '23', 37, 1, '2019-08-05 11:30:00', 11, 11, 1, 0),
(518, '23', 37, 1, '2019-08-05 11:30:00', 12, 11, 1, 0),
(519, '23', 12, 1, '2019-08-05 11:30:00', 13, 11, 1, 0),
(520, '23', 12, 1, '2019-08-05 11:30:00', 14, 10, 1, 0),
(521, '23', 12, 1, '2019-08-05 11:30:00', 15, 10, 1, 0),
(522, '23', 12, 1, '2019-08-05 11:30:00', 16, 10, 1, 0),
(523, '23', 12, 1, '2019-08-05 11:30:00', 17, 10, 1, 0),
(524, '23', 23, 1, '2019-08-05 11:30:00', 18, 10, 1, 0),
(525, '23', 12, 1, '2019-08-05 11:30:00', 19, 10, 1, 0),
(526, '23', 1, 1, '2019-08-05 11:30:00', 20, 10, 1, 0),
(527, '23', 12, 1, '2019-08-05 11:30:00', 21, 14, 1, 0),
(528, '23', 33, 1, '2019-08-05 11:30:00', 22, 14, 1, 0),
(529, '23', 28, 1, '2019-08-05 11:30:00', 23, 14, 1, 0),
(530, '24', 12, 1, '2019-08-05 11:45:00', 1, 12, 1, 0),
(531, '24', 12, 1, '2019-08-05 11:45:00', 2, 12, 1, 0),
(532, '24', 1, 1, '2019-08-05 11:45:00', 3, 12, 1, 0),
(533, '24', 7, 1, '2019-08-05 11:45:00', 4, 12, 1, 0),
(534, '24', 12, 1, '2019-08-05 11:45:00', 5, 12, 1, 0),
(535, '24', 12, 1, '2019-08-05 11:45:00', 6, 12, 1, 0),
(536, '24', 1, 1, '2019-08-05 11:45:00', 7, 11, 1, 0),
(537, '24', 12, 1, '2019-08-05 11:45:00', 8, 11, 1, 0),
(538, '24', 37, 1, '2019-08-05 11:45:00', 9, 11, 1, 0),
(539, '24', 23, 1, '2019-08-05 11:45:00', 10, 11, 1, 0),
(540, '24', 37, 1, '2019-08-05 11:45:00', 11, 11, 1, 0),
(541, '24', 37, 1, '2019-08-05 11:45:00', 12, 11, 1, 0),
(542, '24', 12, 1, '2019-08-05 11:45:00', 13, 11, 1, 0),
(543, '24', 12, 1, '2019-08-05 11:45:00', 14, 10, 1, 0),
(544, '24', 12, 1, '2019-08-05 11:45:00', 15, 10, 1, 0),
(545, '24', 12, 1, '2019-08-05 11:45:00', 16, 10, 1, 0),
(546, '24', 12, 1, '2019-08-05 11:45:00', 17, 10, 1, 0),
(547, '24', 23, 1, '2019-08-05 11:45:00', 18, 10, 1, 0),
(548, '24', 12, 1, '2019-08-05 11:45:00', 19, 10, 1, 0),
(549, '24', 1, 1, '2019-08-05 11:45:00', 20, 10, 1, 0),
(550, '24', 12, 1, '2019-08-05 11:45:00', 21, 14, 1, 0),
(551, '24', 33, 1, '2019-08-05 11:45:00', 22, 14, 1, 0),
(552, '24', 28, 1, '2019-08-05 11:45:00', 23, 14, 1, 0),
(553, '25', 12, 1, '2019-08-05 12:00:00', 1, 12, 1, 0),
(554, '25', 12, 1, '2019-08-05 12:00:00', 2, 12, 1, 0),
(555, '25', 1, 1, '2019-08-05 12:00:00', 3, 12, 1, 0),
(556, '25', 12, 1, '2019-08-05 12:00:00', 4, 12, 1, 0),
(557, '25', 12, 1, '2019-08-05 12:00:00', 5, 12, 1, 0),
(558, '25', 12, 1, '2019-08-05 12:00:00', 6, 12, 1, 0),
(559, '25', 1, 1, '2019-08-05 12:00:00', 7, 11, 1, 0),
(560, '25', 12, 1, '2019-08-05 12:00:00', 8, 11, 1, 0),
(561, '25', 37, 1, '2019-08-05 12:00:00', 9, 11, 1, 0),
(562, '25', 23, 1, '2019-08-05 12:00:00', 10, 11, 1, 0),
(563, '25', 37, 1, '2019-08-05 12:00:00', 11, 11, 1, 0),
(564, '25', 37, 1, '2019-08-05 12:00:00', 12, 11, 1, 0),
(565, '25', 12, 1, '2019-08-05 12:00:00', 13, 11, 1, 0),
(566, '25', 12, 1, '2019-08-05 12:00:00', 14, 10, 1, 0),
(567, '25', 12, 1, '2019-08-05 12:00:00', 15, 10, 1, 0),
(568, '25', 12, 1, '2019-08-05 12:00:00', 16, 10, 1, 0),
(569, '25', 12, 1, '2019-08-05 12:00:00', 17, 10, 1, 0),
(570, '25', 15, 1, '2019-08-05 12:00:00', 18, 10, 1, 0),
(571, '25', 12, 1, '2019-08-05 12:00:00', 19, 10, 1, 0),
(572, '25', 1, 1, '2019-08-05 12:00:00', 20, 10, 1, 0),
(573, '25', 12, 1, '2019-08-05 12:00:00', 21, 14, 1, 0),
(574, '25', 33, 1, '2019-08-05 12:00:00', 22, 14, 1, 0),
(575, '25', 28, 1, '2019-08-05 12:00:00', 23, 14, 1, 0),
(576, '26', 12, 1, '2019-08-05 12:15:00', 1, 12, 1, 0),
(577, '26', 12, 1, '2019-08-05 12:15:00', 2, 12, 1, 0),
(578, '26', 1, 1, '2019-08-05 12:15:00', 3, 12, 1, 0),
(579, '26', 12, 1, '2019-08-05 12:15:00', 4, 12, 1, 0),
(580, '26', 12, 1, '2019-08-05 12:15:00', 5, 12, 1, 0),
(581, '26', 12, 1, '2019-08-05 12:15:00', 6, 12, 1, 0),
(582, '26', 1, 1, '2019-08-05 12:15:00', 7, 11, 1, 0),
(583, '26', 12, 1, '2019-08-05 12:15:00', 8, 11, 1, 0),
(584, '26', 37, 1, '2019-08-05 12:15:00', 9, 11, 1, 0),
(585, '26', 23, 1, '2019-08-05 12:15:00', 10, 11, 1, 0),
(586, '26', 37, 1, '2019-08-05 12:15:00', 11, 11, 1, 0),
(587, '26', 23, 1, '2019-08-05 12:15:00', 12, 11, 1, 0),
(588, '26', 12, 1, '2019-08-05 12:15:00', 13, 11, 1, 0),
(589, '26', 12, 1, '2019-08-05 12:15:00', 14, 10, 1, 0),
(590, '26', 12, 1, '2019-08-05 12:15:00', 15, 10, 1, 0),
(591, '26', 12, 1, '2019-08-05 12:15:00', 16, 10, 1, 0),
(592, '26', 12, 1, '2019-08-05 12:15:00', 17, 10, 1, 0),
(593, '26', 15, 1, '2019-08-05 12:15:00', 18, 10, 1, 0),
(594, '26', 12, 1, '2019-08-05 12:15:00', 19, 10, 1, 0),
(595, '26', 1, 1, '2019-08-05 12:15:00', 20, 10, 1, 0),
(596, '26', 12, 1, '2019-08-05 12:15:00', 21, 14, 1, 0),
(597, '26', 12, 1, '2019-08-05 12:15:00', 22, 14, 1, 0),
(598, '26', 28, 1, '2019-08-05 12:15:00', 23, 14, 1, 0),
(599, '27', 12, 1, '2019-08-05 12:30:00', 1, 12, 1, 0),
(600, '27', 12, 1, '2019-08-05 12:30:00', 2, 12, 1, 0),
(601, '27', 1, 1, '2019-08-05 12:30:00', 3, 12, 1, 0),
(602, '27', 12, 1, '2019-08-05 12:30:00', 4, 12, 1, 0),
(603, '27', 12, 1, '2019-08-05 12:30:00', 5, 12, 1, 0),
(604, '27', 12, 1, '2019-08-05 12:30:00', 6, 12, 1, 0),
(605, '27', 1, 1, '2019-08-05 12:30:00', 7, 11, 1, 0),
(606, '27', 12, 1, '2019-08-05 12:30:00', 8, 11, 1, 0),
(607, '27', 37, 1, '2019-08-05 12:30:00', 9, 11, 1, 0),
(608, '27', 23, 1, '2019-08-05 12:30:00', 10, 11, 1, 0),
(609, '27', 37, 1, '2019-08-05 12:30:00', 11, 11, 1, 0),
(610, '27', 23, 1, '2019-08-05 12:30:00', 12, 11, 1, 0),
(611, '27', 12, 1, '2019-08-05 12:30:00', 13, 11, 1, 0),
(612, '27', 12, 1, '2019-08-05 12:30:00', 14, 10, 1, 0),
(613, '27', 12, 1, '2019-08-05 12:30:00', 15, 10, 1, 0),
(614, '27', 12, 1, '2019-08-05 12:30:00', 16, 10, 1, 0),
(615, '27', 12, 1, '2019-08-05 12:30:00', 17, 10, 1, 0),
(616, '27', 17, 1, '2019-08-05 12:30:00', 18, 10, 1, 0),
(617, '27', 12, 1, '2019-08-05 12:30:00', 19, 10, 1, 0),
(618, '27', 1, 1, '2019-08-05 12:30:00', 20, 10, 1, 0),
(619, '27', 12, 1, '2019-08-05 12:30:00', 21, 14, 1, 0),
(620, '27', 12, 1, '2019-08-05 12:30:00', 22, 14, 1, 0),
(621, '27', 28, 1, '2019-08-05 12:30:00', 23, 14, 1, 0),
(622, '28', 12, 1, '2019-08-05 12:45:00', 1, 12, 1, 0),
(623, '28', 12, 1, '2019-08-05 12:45:00', 2, 12, 1, 0),
(624, '28', 1, 1, '2019-08-05 12:45:00', 3, 12, 1, 0),
(625, '28', 12, 1, '2019-08-05 12:45:00', 4, 12, 1, 0),
(626, '28', 12, 1, '2019-08-05 12:45:00', 5, 12, 1, 0),
(627, '28', 12, 1, '2019-08-05 12:45:00', 6, 12, 1, 0),
(628, '28', 1, 1, '2019-08-05 12:45:00', 7, 11, 1, 0),
(629, '28', 12, 1, '2019-08-05 12:45:00', 8, 11, 1, 0),
(630, '28', 31, 1, '2019-08-05 12:45:00', 9, 11, 1, 0),
(631, '28', 23, 1, '2019-08-05 12:45:00', 10, 11, 1, 0),
(632, '28', 37, 1, '2019-08-05 12:45:00', 11, 11, 1, 0),
(633, '28', 37, 1, '2019-08-05 12:45:00', 12, 11, 1, 0),
(634, '28', 12, 1, '2019-08-05 12:45:00', 13, 11, 1, 0),
(635, '28', 12, 1, '2019-08-05 12:45:00', 14, 10, 1, 0),
(636, '28', 12, 1, '2019-08-05 12:45:00', 15, 10, 1, 0),
(637, '28', 12, 1, '2019-08-05 12:45:00', 16, 10, 1, 0),
(638, '28', 12, 1, '2019-08-05 12:45:00', 17, 10, 1, 0),
(639, '28', 17, 1, '2019-08-05 12:45:00', 18, 10, 1, 0),
(640, '28', 12, 1, '2019-08-05 12:45:00', 19, 10, 1, 0),
(641, '28', 1, 1, '2019-08-05 12:45:00', 20, 10, 1, 0),
(642, '28', 12, 1, '2019-08-05 12:45:00', 21, 14, 1, 0),
(643, '28', 12, 1, '2019-08-05 12:45:00', 22, 14, 1, 0),
(644, '28', 28, 1, '2019-08-05 12:45:00', 23, 14, 1, 0),
(645, '29', 12, 1, '2019-08-05 13:00:00', 1, 12, 1, 0),
(646, '29', 12, 1, '2019-08-05 13:00:00', 2, 12, 1, 0),
(647, '29', 1, 1, '2019-08-05 13:00:00', 3, 12, 1, 0),
(648, '29', 12, 1, '2019-08-05 13:00:00', 4, 12, 1, 0),
(649, '29', 12, 1, '2019-08-05 13:00:00', 5, 12, 1, 0),
(650, '29', 12, 1, '2019-08-05 13:00:00', 6, 12, 1, 0),
(651, '29', 1, 1, '2019-08-05 13:00:00', 7, 11, 1, 0),
(652, '29', 12, 1, '2019-08-05 13:00:00', 8, 11, 1, 0),
(653, '29', 31, 1, '2019-08-05 13:00:00', 9, 11, 1, 0),
(654, '29', 17, 1, '2019-08-05 13:00:00', 10, 11, 1, 0),
(655, '29', 37, 1, '2019-08-05 13:00:00', 11, 11, 1, 0),
(656, '29', 37, 1, '2019-08-05 13:00:00', 12, 11, 1, 0),
(657, '29', 12, 1, '2019-08-05 13:00:00', 13, 11, 1, 0),
(658, '29', 12, 1, '2019-08-05 13:00:00', 14, 10, 1, 0),
(659, '29', 12, 1, '2019-08-05 13:00:00', 15, 10, 1, 0),
(660, '29', 12, 1, '2019-08-05 13:00:00', 16, 10, 1, 0),
(661, '29', 12, 1, '2019-08-05 13:00:00', 17, 10, 1, 0),
(662, '29', 42, 1, '2019-08-05 13:00:00', 18, 10, 1, 0),
(663, '29', 12, 1, '2019-08-05 13:00:00', 19, 10, 1, 0),
(664, '29', 1, 1, '2019-08-05 13:00:00', 20, 10, 1, 0),
(665, '29', 12, 1, '2019-08-05 13:00:00', 21, 14, 1, 0),
(666, '29', 12, 1, '2019-08-05 13:00:00', 22, 14, 1, 0),
(667, '29', 7, 1, '2019-08-05 13:00:00', 23, 14, 1, 0),
(668, '30', 12, 1, '2019-08-05 13:15:00', 1, 12, 1, 0),
(669, '30', 12, 1, '2019-08-05 13:15:00', 2, 12, 1, 0),
(670, '30', 1, 1, '2019-08-05 13:15:00', 3, 12, 1, 0),
(671, '30', 12, 1, '2019-08-05 13:15:00', 4, 12, 1, 0),
(672, '30', 12, 1, '2019-08-05 13:15:00', 5, 12, 1, 0),
(673, '30', 12, 1, '2019-08-05 13:15:00', 6, 12, 1, 0),
(674, '30', 1, 1, '2019-08-05 13:15:00', 7, 11, 1, 0),
(675, '30', 12, 1, '2019-08-05 13:15:00', 8, 11, 1, 0),
(676, '30', 31, 1, '2019-08-05 13:15:00', 9, 11, 1, 0),
(677, '30', 17, 1, '2019-08-05 13:15:00', 10, 11, 1, 0),
(678, '30', 37, 1, '2019-08-05 13:15:00', 11, 11, 1, 0),
(679, '30', 38, 1, '2019-08-05 13:15:00', 12, 11, 1, 0),
(680, '30', 12, 1, '2019-08-05 13:15:00', 13, 11, 1, 0),
(681, '30', 12, 1, '2019-08-05 13:15:00', 14, 10, 1, 0),
(682, '30', 12, 1, '2019-08-05 13:15:00', 15, 10, 1, 0),
(683, '30', 12, 1, '2019-08-05 13:15:00', 16, 10, 1, 0),
(684, '30', 12, 1, '2019-08-05 13:15:00', 17, 10, 1, 0),
(685, '30', 42, 1, '2019-08-05 13:15:00', 18, 10, 1, 0),
(686, '30', 12, 1, '2019-08-05 13:15:00', 19, 10, 1, 0),
(687, '30', 1, 1, '2019-08-05 13:15:00', 20, 10, 1, 0),
(688, '30', 12, 1, '2019-08-05 13:15:00', 21, 14, 1, 0),
(689, '30', 12, 1, '2019-08-05 13:15:00', 22, 14, 1, 0),
(690, '30', 7, 1, '2019-08-05 13:15:00', 23, 14, 1, 0),
(691, '31', 12, 1, '2019-08-05 13:30:00', 1, 12, 1, 0),
(692, '31', 12, 1, '2019-08-05 13:30:00', 2, 12, 1, 0),
(693, '31', 1, 1, '2019-08-05 13:30:00', 3, 12, 1, 0),
(694, '31', 12, 1, '2019-08-05 13:30:00', 4, 12, 1, 0),
(695, '31', 12, 1, '2019-08-05 13:30:00', 5, 12, 1, 0),
(696, '31', 12, 1, '2019-08-05 13:30:00', 6, 12, 1, 0),
(697, '31', 1, 1, '2019-08-05 13:30:00', 7, 11, 1, 0),
(698, '31', 12, 1, '2019-08-05 13:30:00', 8, 11, 1, 0),
(699, '31', 31, 1, '2019-08-05 13:30:00', 9, 11, 1, 0),
(700, '31', 17, 1, '2019-08-05 13:30:00', 10, 11, 1, 0),
(701, '31', 12, 1, '2019-08-05 13:30:00', 11, 11, 1, 0),
(702, '31', 12, 1, '2019-08-05 13:30:00', 12, 11, 1, 0),
(703, '31', 12, 1, '2019-08-05 13:30:00', 13, 11, 1, 0),
(704, '31', 12, 1, '2019-08-05 13:30:00', 14, 10, 1, 0),
(705, '31', 12, 1, '2019-08-05 13:30:00', 15, 10, 1, 0),
(706, '31', 12, 1, '2019-08-05 13:30:00', 16, 10, 1, 0),
(707, '31', 12, 1, '2019-08-05 13:30:00', 17, 10, 1, 0),
(708, '31', 42, 1, '2019-08-05 13:30:00', 18, 10, 1, 0),
(709, '31', 12, 1, '2019-08-05 13:30:00', 19, 10, 1, 0),
(710, '31', 1, 1, '2019-08-05 13:30:00', 20, 10, 1, 0),
(711, '31', 12, 1, '2019-08-05 13:30:00', 21, 14, 1, 0),
(712, '31', 12, 1, '2019-08-05 13:30:00', 22, 14, 1, 0),
(713, '31', 7, 1, '2019-08-05 13:30:00', 23, 14, 1, 0),
(714, '32', 12, 1, '2019-08-05 13:45:00', 1, 12, 1, 0),
(715, '32', 12, 1, '2019-08-05 13:45:00', 2, 12, 1, 0),
(716, '32', 1, 1, '2019-08-05 13:45:00', 3, 12, 1, 0),
(717, '32', 12, 1, '2019-08-05 13:45:00', 4, 12, 1, 0),
(718, '32', 42, 1, '2019-08-05 13:45:00', 5, 12, 1, 0),
(719, '32', 12, 1, '2019-08-05 13:45:00', 6, 12, 1, 0),
(720, '32', 1, 1, '2019-08-05 13:45:00', 7, 11, 1, 0),
(721, '32', 12, 1, '2019-08-05 13:45:00', 8, 11, 1, 0),
(722, '32', 31, 1, '2019-08-05 13:45:00', 9, 11, 1, 0),
(723, '32', 17, 1, '2019-08-05 13:45:00', 10, 11, 1, 0),
(724, '32', 12, 1, '2019-08-05 13:45:00', 11, 11, 1, 0),
(725, '32', 12, 1, '2019-08-05 13:45:00', 12, 11, 1, 0),
(726, '32', 12, 1, '2019-08-05 13:45:00', 13, 11, 1, 0),
(727, '32', 12, 1, '2019-08-05 13:45:00', 14, 10, 1, 0),
(728, '32', 12, 1, '2019-08-05 13:45:00', 15, 10, 1, 0),
(729, '32', 12, 1, '2019-08-05 13:45:00', 16, 10, 1, 0),
(730, '32', 12, 1, '2019-08-05 13:45:00', 17, 10, 1, 0),
(731, '32', 42, 1, '2019-08-05 13:45:00', 18, 10, 1, 0),
(732, '32', 12, 1, '2019-08-05 13:45:00', 19, 10, 1, 0),
(733, '32', 1, 1, '2019-08-05 13:45:00', 20, 10, 1, 0),
(734, '32', 28, 1, '2019-08-05 13:45:00', 21, 14, 1, 0),
(735, '32', 12, 1, '2019-08-05 13:45:00', 22, 14, 1, 0),
(736, '32', 7, 1, '2019-08-05 13:45:00', 23, 14, 1, 0),
(737, '33', 12, 1, '2019-08-05 14:00:00', 1, 12, 1, 0),
(738, '33', 12, 1, '2019-08-05 14:00:00', 2, 12, 1, 0),
(739, '33', 1, 1, '2019-08-05 14:00:00', 3, 12, 1, 0),
(740, '33', 12, 1, '2019-08-05 14:00:00', 4, 12, 1, 0),
(741, '33', 42, 1, '2019-08-05 14:00:00', 5, 12, 1, 0),
(742, '33', 12, 1, '2019-08-05 14:00:00', 6, 12, 1, 0),
(743, '33', 1, 1, '2019-08-05 14:00:00', 7, 11, 1, 0),
(744, '33', 12, 1, '2019-08-05 14:00:00', 8, 11, 1, 0),
(745, '33', 31, 1, '2019-08-05 14:00:00', 9, 11, 1, 0),
(746, '33', 17, 1, '2019-08-05 14:00:00', 10, 11, 1, 0),
(747, '33', 12, 1, '2019-08-05 14:00:00', 11, 11, 1, 0),
(748, '33', 12, 1, '2019-08-05 14:00:00', 12, 11, 1, 0),
(749, '33', 12, 1, '2019-08-05 14:00:00', 13, 11, 1, 0),
(750, '33', 12, 1, '2019-08-05 14:00:00', 14, 10, 1, 0),
(751, '33', 12, 1, '2019-08-05 14:00:00', 15, 10, 1, 0),
(752, '33', 12, 1, '2019-08-05 14:00:00', 16, 10, 1, 0),
(753, '33', 12, 1, '2019-08-05 14:00:00', 17, 10, 1, 0),
(754, '33', 25, 1, '2019-08-05 14:00:00', 18, 10, 1, 0),
(755, '33', 12, 1, '2019-08-05 14:00:00', 19, 10, 1, 0),
(756, '33', 1, 1, '2019-08-05 14:00:00', 20, 10, 1, 0),
(757, '33', 28, 1, '2019-08-05 14:00:00', 21, 14, 1, 0),
(758, '33', 12, 1, '2019-08-05 14:00:00', 22, 14, 1, 0),
(759, '33', 7, 1, '2019-08-05 14:00:00', 23, 14, 1, 0),
(760, '34', 12, 1, '2019-08-05 14:15:00', 1, 12, 1, 0),
(761, '34', 12, 1, '2019-08-05 14:15:00', 2, 12, 1, 0),
(762, '34', 1, 1, '2019-08-05 14:15:00', 3, 12, 1, 0),
(763, '34', 12, 1, '2019-08-05 14:15:00', 4, 12, 1, 0),
(764, '34', 42, 1, '2019-08-05 14:15:00', 5, 12, 1, 0),
(765, '34', 12, 1, '2019-08-05 14:15:00', 6, 12, 1, 0),
(766, '34', 1, 1, '2019-08-05 14:15:00', 7, 11, 1, 0),
(767, '34', 12, 1, '2019-08-05 14:15:00', 8, 11, 1, 0),
(768, '34', 31, 1, '2019-08-05 14:15:00', 9, 11, 1, 0),
(769, '34', 34, 1, '2019-08-05 14:15:00', 10, 11, 1, 0),
(770, '34', 12, 1, '2019-08-05 14:15:00', 11, 11, 1, 0),
(771, '34', 12, 1, '2019-08-05 14:15:00', 12, 11, 1, 0),
(772, '34', 12, 1, '2019-08-05 14:15:00', 13, 11, 1, 0),
(773, '34', 12, 1, '2019-08-05 14:15:00', 14, 10, 1, 0),
(774, '34', 12, 1, '2019-08-05 14:15:00', 15, 10, 1, 0),
(775, '34', 12, 1, '2019-08-05 14:15:00', 16, 10, 1, 0),
(776, '34', 12, 1, '2019-08-05 14:15:00', 17, 10, 1, 0),
(777, '34', 25, 1, '2019-08-05 14:15:00', 18, 10, 1, 0),
(778, '34', 12, 1, '2019-08-05 14:15:00', 19, 10, 1, 0),
(779, '34', 1, 1, '2019-08-05 14:15:00', 20, 10, 1, 0),
(780, '34', 28, 1, '2019-08-05 14:15:00', 21, 14, 1, 0),
(781, '34', 12, 1, '2019-08-05 14:15:00', 22, 14, 1, 0),
(782, '34', 7, 1, '2019-08-05 14:15:00', 23, 14, 1, 0),
(783, '35', 12, 1, '2019-08-05 14:30:00', 1, 12, 1, 0),
(784, '35', 12, 1, '2019-08-05 14:30:00', 2, 12, 1, 0),
(785, '35', 1, 1, '2019-08-05 14:30:00', 3, 12, 1, 0),
(786, '35', 12, 1, '2019-08-05 14:30:00', 4, 12, 1, 0),
(787, '35', 42, 1, '2019-08-05 14:30:00', 5, 12, 1, 0),
(788, '35', 12, 1, '2019-08-05 14:30:00', 6, 12, 1, 0),
(789, '35', 1, 1, '2019-08-05 14:30:00', 7, 11, 1, 0),
(790, '35', 12, 1, '2019-08-05 14:30:00', 8, 11, 1, 0),
(791, '35', 31, 1, '2019-08-05 14:30:00', 9, 11, 1, 0),
(792, '35', 34, 1, '2019-08-05 14:30:00', 10, 11, 1, 0),
(793, '35', 12, 1, '2019-08-05 14:30:00', 11, 11, 1, 0),
(794, '35', 12, 1, '2019-08-05 14:30:00', 12, 11, 1, 0),
(795, '35', 12, 1, '2019-08-05 14:30:00', 13, 11, 1, 0),
(796, '35', 12, 1, '2019-08-05 14:30:00', 14, 10, 1, 0),
(797, '35', 12, 1, '2019-08-05 14:30:00', 15, 10, 1, 0),
(798, '35', 12, 1, '2019-08-05 14:30:00', 16, 10, 1, 0),
(799, '35', 12, 1, '2019-08-05 14:30:00', 17, 10, 1, 0),
(800, '35', 25, 1, '2019-08-05 14:30:00', 18, 10, 1, 0),
(801, '35', 12, 1, '2019-08-05 14:30:00', 19, 10, 1, 0),
(802, '35', 1, 1, '2019-08-05 14:30:00', 20, 10, 1, 0),
(803, '35', 28, 1, '2019-08-05 14:30:00', 21, 14, 1, 0),
(804, '35', 12, 1, '2019-08-05 14:30:00', 22, 14, 1, 0),
(805, '35', 7, 1, '2019-08-05 14:30:00', 23, 14, 1, 0),
(806, '36', 12, 1, '2019-08-05 14:45:00', 1, 12, 1, 0),
(807, '36', 12, 1, '2019-08-05 14:45:00', 2, 12, 1, 0),
(808, '36', 1, 1, '2019-08-05 14:45:00', 3, 12, 1, 0),
(809, '36', 12, 1, '2019-08-05 14:45:00', 4, 12, 1, 0),
(810, '36', 42, 1, '2019-08-05 14:45:00', 5, 12, 1, 0),
(811, '36', 12, 1, '2019-08-05 14:45:00', 6, 12, 1, 0),
(812, '36', 1, 1, '2019-08-05 14:45:00', 7, 11, 1, 0),
(813, '36', 12, 1, '2019-08-05 14:45:00', 8, 11, 1, 0),
(814, '36', 31, 1, '2019-08-05 14:45:00', 9, 11, 1, 0),
(815, '36', 34, 1, '2019-08-05 14:45:00', 10, 11, 1, 0),
(816, '36', 12, 1, '2019-08-05 14:45:00', 11, 11, 1, 0),
(817, '36', 12, 1, '2019-08-05 14:45:00', 12, 11, 1, 0),
(818, '36', 12, 1, '2019-08-05 14:45:00', 13, 11, 1, 0),
(819, '36', 12, 1, '2019-08-05 14:45:00', 14, 10, 1, 0),
(820, '36', 12, 1, '2019-08-05 14:45:00', 15, 10, 1, 0),
(821, '36', 12, 1, '2019-08-05 14:45:00', 16, 10, 1, 0),
(822, '36', 12, 1, '2019-08-05 14:45:00', 17, 10, 1, 0),
(823, '36', 25, 1, '2019-08-05 14:45:00', 18, 10, 1, 0),
(824, '36', 12, 1, '2019-08-05 14:45:00', 19, 10, 1, 0),
(825, '36', 1, 1, '2019-08-05 14:45:00', 20, 10, 1, 0),
(826, '36', 28, 1, '2019-08-05 14:45:00', 21, 14, 1, 0),
(827, '36', 12, 1, '2019-08-05 14:45:00', 22, 14, 1, 0),
(828, '36', 7, 1, '2019-08-05 14:45:00', 23, 14, 1, 0),
(829, '37', 12, 1, '2019-08-05 15:00:00', 1, 12, 1, 0),
(830, '37', 12, 1, '2019-08-05 15:00:00', 2, 12, 1, 0),
(831, '37', 1, 1, '2019-08-05 15:00:00', 3, 12, 1, 0),
(832, '37', 12, 1, '2019-08-05 15:00:00', 4, 12, 1, 0),
(833, '37', 42, 1, '2019-08-05 15:00:00', 5, 12, 1, 0),
(834, '37', 12, 1, '2019-08-05 15:00:00', 6, 12, 1, 0),
(835, '37', 1, 1, '2019-08-05 15:00:00', 7, 11, 1, 0),
(836, '37', 12, 1, '2019-08-05 15:00:00', 8, 11, 1, 0),
(837, '37', 31, 1, '2019-08-05 15:00:00', 9, 11, 1, 0),
(838, '37', 34, 1, '2019-08-05 15:00:00', 10, 11, 1, 0),
(839, '37', 12, 1, '2019-08-05 15:00:00', 11, 11, 1, 0),
(840, '37', 12, 1, '2019-08-05 15:00:00', 12, 11, 1, 0),
(841, '37', 12, 1, '2019-08-05 15:00:00', 13, 11, 1, 0),
(842, '37', 12, 1, '2019-08-05 15:00:00', 14, 10, 1, 0),
(843, '37', 12, 1, '2019-08-05 15:00:00', 15, 10, 1, 0),
(844, '37', 12, 1, '2019-08-05 15:00:00', 16, 10, 1, 0),
(845, '37', 12, 1, '2019-08-05 15:00:00', 17, 10, 1, 0),
(846, '37', 25, 1, '2019-08-05 15:00:00', 18, 10, 1, 0),
(847, '37', 12, 1, '2019-08-05 15:00:00', 19, 10, 1, 0),
(848, '37', 1, 1, '2019-08-05 15:00:00', 20, 10, 1, 0),
(849, '37', 28, 1, '2019-08-05 15:00:00', 21, 14, 1, 0),
(850, '37', 12, 1, '2019-08-05 15:00:00', 22, 14, 1, 0),
(851, '37', 7, 1, '2019-08-05 15:00:00', 23, 14, 1, 0),
(852, '38', 12, 1, '2019-08-05 15:15:00', 1, 12, 1, 0),
(853, '38', 12, 1, '2019-08-05 15:15:00', 2, 12, 1, 0),
(854, '38', 1, 1, '2019-08-05 15:15:00', 3, 12, 1, 0),
(855, '38', 12, 1, '2019-08-05 15:15:00', 4, 12, 1, 0),
(856, '38', 42, 1, '2019-08-05 15:15:00', 5, 12, 1, 0),
(857, '38', 12, 1, '2019-08-05 15:15:00', 6, 12, 1, 0),
(858, '38', 1, 1, '2019-08-05 15:15:00', 7, 11, 1, 0),
(859, '38', 12, 1, '2019-08-05 15:15:00', 8, 11, 1, 0),
(860, '38', 31, 1, '2019-08-05 15:15:00', 9, 11, 1, 0),
(861, '38', 4, 1, '2019-08-05 15:15:00', 10, 11, 1, 0),
(862, '38', 12, 1, '2019-08-05 15:15:00', 11, 11, 1, 0),
(863, '38', 12, 1, '2019-08-05 15:15:00', 12, 11, 1, 0),
(864, '38', 12, 1, '2019-08-05 15:15:00', 13, 11, 1, 0),
(865, '38', 12, 1, '2019-08-05 15:15:00', 14, 10, 1, 0),
(866, '38', 12, 1, '2019-08-05 15:15:00', 15, 10, 1, 0),
(867, '38', 12, 1, '2019-08-05 15:15:00', 16, 10, 1, 0),
(868, '38', 12, 1, '2019-08-05 15:15:00', 17, 10, 1, 0),
(869, '38', 25, 1, '2019-08-05 15:15:00', 18, 10, 1, 0),
(870, '38', 12, 1, '2019-08-05 15:15:00', 19, 10, 1, 0),
(871, '38', 1, 1, '2019-08-05 15:15:00', 20, 10, 1, 0),
(872, '38', 28, 1, '2019-08-05 15:15:00', 21, 14, 1, 0),
(873, '38', 12, 1, '2019-08-05 15:15:00', 22, 14, 1, 0),
(874, '38', 7, 1, '2019-08-05 15:15:00', 23, 14, 1, 0),
(875, '39', 12, 1, '2019-08-05 15:30:00', 1, 12, 1, 0),
(876, '39', 12, 1, '2019-08-05 15:30:00', 2, 12, 1, 0),
(877, '39', 1, 1, '2019-08-05 15:30:00', 3, 12, 1, 0),
(878, '39', 12, 1, '2019-08-05 15:30:00', 4, 12, 1, 0),
(879, '39', 42, 1, '2019-08-05 15:30:00', 5, 12, 1, 0),
(880, '39', 12, 1, '2019-08-05 15:30:00', 6, 12, 1, 0),
(881, '39', 1, 1, '2019-08-05 15:30:00', 7, 11, 1, 0),
(882, '39', 12, 1, '2019-08-05 15:30:00', 8, 11, 1, 0),
(883, '39', 31, 1, '2019-08-05 15:30:00', 9, 11, 1, 0),
(884, '39', 4, 1, '2019-08-05 15:30:00', 10, 11, 1, 0),
(885, '39', 12, 1, '2019-08-05 15:30:00', 11, 11, 1, 0),
(886, '39', 12, 1, '2019-08-05 15:30:00', 12, 11, 1, 0),
(887, '39', 12, 1, '2019-08-05 15:30:00', 13, 11, 1, 0),
(888, '39', 12, 1, '2019-08-05 15:30:00', 14, 10, 1, 0),
(889, '39', 12, 1, '2019-08-05 15:30:00', 15, 10, 1, 0),
(890, '39', 12, 1, '2019-08-05 15:30:00', 16, 10, 1, 0),
(891, '39', 12, 1, '2019-08-05 15:30:00', 17, 10, 1, 0),
(892, '39', 25, 1, '2019-08-05 15:30:00', 18, 10, 1, 0),
(893, '39', 12, 1, '2019-08-05 15:30:00', 19, 10, 1, 0),
(894, '39', 1, 1, '2019-08-05 15:30:00', 20, 10, 1, 0),
(895, '39', 28, 1, '2019-08-05 15:30:00', 21, 14, 1, 0),
(896, '39', 12, 1, '2019-08-05 15:30:00', 22, 14, 1, 0),
(897, '39', 7, 1, '2019-08-05 15:30:00', 23, 14, 1, 0),
(898, '40', 12, 1, '2019-08-05 15:45:00', 1, 12, 1, 0),
(899, '40', 12, 1, '2019-08-05 15:45:00', 2, 12, 1, 0),
(900, '40', 1, 1, '2019-08-05 15:45:00', 3, 12, 1, 0),
(901, '40', 12, 1, '2019-08-05 15:45:00', 4, 12, 1, 0),
(902, '40', 42, 1, '2019-08-05 15:45:00', 5, 12, 1, 0),
(903, '40', 12, 1, '2019-08-05 15:45:00', 6, 12, 1, 0),
(904, '40', 1, 1, '2019-08-05 15:45:00', 7, 11, 1, 0),
(905, '40', 12, 1, '2019-08-05 15:45:00', 8, 11, 1, 0),
(906, '40', 31, 1, '2019-08-05 15:45:00', 9, 11, 1, 0),
(907, '40', 14, 1, '2019-08-05 15:45:00', 10, 11, 1, 0),
(908, '40', 12, 1, '2019-08-05 15:45:00', 11, 11, 1, 0),
(909, '40', 12, 1, '2019-08-05 15:45:00', 12, 11, 1, 0),
(910, '40', 12, 1, '2019-08-05 15:45:00', 13, 11, 1, 0),
(911, '40', 12, 1, '2019-08-05 15:45:00', 14, 10, 1, 0),
(912, '40', 12, 1, '2019-08-05 15:45:00', 15, 10, 1, 0),
(913, '40', 12, 1, '2019-08-05 15:45:00', 16, 10, 1, 0),
(914, '40', 12, 1, '2019-08-05 15:45:00', 17, 10, 1, 0),
(915, '40', 25, 1, '2019-08-05 15:45:00', 18, 10, 1, 0),
(916, '40', 12, 1, '2019-08-05 15:45:00', 19, 10, 1, 0),
(917, '40', 1, 1, '2019-08-05 15:45:00', 20, 10, 1, 0),
(918, '40', 28, 1, '2019-08-05 15:45:00', 21, 14, 1, 0),
(919, '40', 12, 1, '2019-08-05 15:45:00', 22, 14, 1, 0),
(920, '40', 7, 1, '2019-08-05 15:45:00', 23, 14, 1, 0),
(921, '41', 12, 1, '2019-08-05 16:00:00', 1, 12, 1, 0),
(922, '41', 12, 1, '2019-08-05 16:00:00', 2, 12, 1, 0),
(923, '41', 1, 1, '2019-08-05 16:00:00', 3, 12, 1, 0),
(924, '41', 42, 1, '2019-08-05 16:00:00', 4, 12, 1, 0);
INSERT INTO `cells` (`id`, `y`, `task_id`, `table_id`, `time`, `client_id`, `floor_id`, `category_id`, `task_done`) VALUES
(925, '41', 42, 1, '2019-08-05 16:00:00', 5, 12, 1, 0),
(926, '41', 12, 1, '2019-08-05 16:00:00', 6, 12, 1, 0),
(927, '41', 1, 1, '2019-08-05 16:00:00', 7, 11, 1, 0),
(928, '41', 12, 1, '2019-08-05 16:00:00', 8, 11, 1, 0),
(929, '41', 31, 1, '2019-08-05 16:00:00', 9, 11, 1, 0),
(930, '41', 1, 1, '2019-08-05 16:00:00', 10, 11, 1, 0),
(931, '41', 12, 1, '2019-08-05 16:00:00', 11, 11, 1, 0),
(932, '41', 12, 1, '2019-08-05 16:00:00', 12, 11, 1, 0),
(933, '41', 12, 1, '2019-08-05 16:00:00', 13, 11, 1, 0),
(934, '41', 12, 1, '2019-08-05 16:00:00', 14, 10, 1, 0),
(935, '41', 12, 1, '2019-08-05 16:00:00', 15, 10, 1, 0),
(936, '41', 12, 1, '2019-08-05 16:00:00', 16, 10, 1, 0),
(937, '41', 12, 1, '2019-08-05 16:00:00', 17, 10, 1, 0),
(938, '41', 42, 1, '2019-08-05 16:00:00', 18, 10, 1, 0),
(939, '41', 12, 1, '2019-08-05 16:00:00', 19, 10, 1, 0),
(940, '41', 1, 1, '2019-08-05 16:00:00', 20, 10, 1, 0),
(941, '41', 28, 1, '2019-08-05 16:00:00', 21, 14, 1, 0),
(942, '41', 12, 1, '2019-08-05 16:00:00', 22, 14, 1, 0),
(943, '41', 7, 1, '2019-08-05 16:00:00', 23, 14, 1, 0),
(944, '42', 12, 1, '2019-08-05 16:15:00', 1, 12, 1, 0),
(945, '42', 46, 1, '2019-08-05 16:15:00', 2, 12, 1, 0),
(946, '42', 1, 1, '2019-08-05 16:15:00', 3, 12, 1, 0),
(947, '42', 42, 1, '2019-08-05 16:15:00', 4, 12, 1, 0),
(948, '42', 40, 1, '2019-08-05 16:15:00', 5, 12, 1, 0),
(949, '42', 42, 1, '2019-08-05 16:15:00', 6, 12, 1, 0),
(950, '42', 1, 1, '2019-08-05 16:15:00', 7, 11, 1, 0),
(951, '42', 42, 1, '2019-08-05 16:15:00', 8, 11, 1, 0),
(952, '42', 31, 1, '2019-08-05 16:15:00', 9, 11, 1, 0),
(953, '42', 38, 1, '2019-08-05 16:15:00', 10, 11, 1, 0),
(954, '42', 12, 1, '2019-08-05 16:15:00', 11, 11, 1, 0),
(955, '42', 12, 1, '2019-08-05 16:15:00', 12, 11, 1, 0),
(956, '42', 12, 1, '2019-08-05 16:15:00', 13, 11, 1, 0),
(957, '42', 12, 1, '2019-08-05 16:15:00', 14, 10, 1, 0),
(958, '42', 12, 1, '2019-08-05 16:15:00', 15, 10, 1, 0),
(959, '42', 12, 1, '2019-08-05 16:15:00', 16, 10, 1, 0),
(960, '42', 12, 1, '2019-08-05 16:15:00', 17, 10, 1, 0),
(961, '42', 42, 1, '2019-08-05 16:15:00', 18, 10, 1, 0),
(962, '42', 12, 1, '2019-08-05 16:15:00', 19, 10, 1, 0),
(963, '42', 1, 1, '2019-08-05 16:15:00', 20, 10, 1, 0),
(964, '42', 28, 1, '2019-08-05 16:15:00', 21, 14, 1, 0),
(965, '42', 12, 1, '2019-08-05 16:15:00', 22, 14, 1, 0),
(966, '42', 7, 1, '2019-08-05 16:15:00', 23, 14, 1, 0),
(967, '43', 42, 1, '2019-08-05 16:30:00', 1, 12, 1, 0),
(968, '43', 46, 1, '2019-08-05 16:30:00', 2, 12, 1, 0),
(969, '43', 1, 1, '2019-08-05 16:30:00', 3, 12, 1, 0),
(970, '43', 42, 1, '2019-08-05 16:30:00', 4, 12, 1, 0),
(971, '43', 40, 1, '2019-08-05 16:30:00', 5, 12, 1, 0),
(972, '43', 42, 1, '2019-08-05 16:30:00', 6, 12, 1, 0),
(973, '43', 1, 1, '2019-08-05 16:30:00', 7, 11, 1, 0),
(974, '43', 42, 1, '2019-08-05 16:30:00', 8, 11, 1, 0),
(975, '43', 31, 1, '2019-08-05 16:30:00', 9, 11, 1, 0),
(976, '43', 1, 1, '2019-08-05 16:30:00', 10, 11, 1, 0),
(977, '43', 42, 1, '2019-08-05 16:30:00', 11, 11, 1, 0),
(978, '43', 14, 1, '2019-08-05 16:30:00', 12, 11, 1, 0),
(979, '43', 42, 1, '2019-08-05 16:30:00', 13, 11, 1, 0),
(980, '43', 42, 1, '2019-08-05 16:30:00', 14, 10, 1, 0),
(981, '43', 42, 1, '2019-08-05 16:30:00', 15, 10, 1, 0),
(982, '43', 40, 1, '2019-08-05 16:30:00', 16, 10, 1, 0),
(983, '43', 12, 1, '2019-08-05 16:30:00', 17, 10, 1, 0),
(984, '43', 42, 1, '2019-08-05 16:30:00', 18, 10, 1, 0),
(985, '43', 42, 1, '2019-08-05 16:30:00', 19, 10, 1, 0),
(986, '43', 1, 1, '2019-08-05 16:30:00', 20, 10, 1, 0),
(987, '43', 28, 1, '2019-08-05 16:30:00', 21, 14, 1, 0),
(988, '43', 12, 1, '2019-08-05 16:30:00', 22, 14, 1, 0),
(989, '43', 7, 1, '2019-08-05 16:30:00', 23, 14, 1, 0),
(990, '44', 42, 1, '2019-08-05 16:45:00', 1, 12, 1, 0),
(991, '44', 46, 1, '2019-08-05 16:45:00', 2, 12, 1, 0),
(992, '44', 1, 1, '2019-08-05 16:45:00', 3, 12, 1, 0),
(993, '44', 42, 1, '2019-08-05 16:45:00', 4, 12, 1, 0),
(994, '44', 42, 1, '2019-08-05 16:45:00', 5, 12, 1, 0),
(995, '44', 42, 1, '2019-08-05 16:45:00', 6, 12, 1, 0),
(996, '44', 1, 1, '2019-08-05 16:45:00', 7, 11, 1, 0),
(997, '44', 17, 1, '2019-08-05 16:45:00', 8, 11, 1, 0),
(998, '44', 31, 1, '2019-08-05 16:45:00', 9, 11, 1, 0),
(999, '44', 17, 1, '2019-08-05 16:45:00', 10, 11, 1, 0),
(1000, '44', 1, 1, '2019-08-05 16:45:00', 11, 11, 1, 0),
(1001, '44', 40, 1, '2019-08-05 16:45:00', 12, 11, 1, 0),
(1002, '44', 35, 1, '2019-08-05 16:45:00', 13, 11, 1, 0),
(1003, '44', 42, 1, '2019-08-05 16:45:00', 14, 10, 1, 0),
(1004, '44', 1, 1, '2019-08-05 16:45:00', 15, 10, 1, 0),
(1005, '44', 26, 1, '2019-08-05 16:45:00', 16, 10, 1, 0),
(1006, '44', 46, 1, '2019-08-05 16:45:00', 17, 10, 1, 0),
(1007, '44', 42, 1, '2019-08-05 16:45:00', 18, 10, 1, 0),
(1008, '44', 42, 1, '2019-08-05 16:45:00', 19, 10, 1, 0),
(1009, '44', 1, 1, '2019-08-05 16:45:00', 20, 10, 1, 0),
(1010, '44', 28, 1, '2019-08-05 16:45:00', 21, 14, 1, 0),
(1011, '44', 42, 1, '2019-08-05 16:45:00', 22, 14, 1, 0),
(1012, '44', 7, 1, '2019-08-05 16:45:00', 23, 14, 1, 0),
(1013, '45', 15, 1, '2019-08-05 17:00:00', 1, 12, 1, 0),
(1014, '45', 46, 1, '2019-08-05 17:00:00', 2, 12, 1, 0),
(1015, '45', 1, 1, '2019-08-05 17:00:00', 3, 12, 1, 0),
(1016, '45', 42, 1, '2019-08-05 17:00:00', 4, 12, 1, 0),
(1017, '45', 42, 1, '2019-08-05 17:00:00', 5, 12, 1, 0),
(1018, '45', 42, 1, '2019-08-05 17:00:00', 6, 12, 1, 0),
(1019, '45', 1, 1, '2019-08-05 17:00:00', 7, 11, 1, 0),
(1020, '45', 17, 1, '2019-08-05 17:00:00', 8, 11, 1, 0),
(1021, '45', 31, 1, '2019-08-05 17:00:00', 9, 11, 1, 0),
(1022, '45', 1, 1, '2019-08-05 17:00:00', 10, 11, 1, 0),
(1023, '45', 35, 1, '2019-08-05 17:00:00', 11, 11, 1, 0),
(1024, '45', 42, 1, '2019-08-05 17:00:00', 12, 11, 1, 0),
(1025, '45', 35, 1, '2019-08-05 17:00:00', 13, 11, 1, 0),
(1026, '45', 42, 1, '2019-08-05 17:00:00', 14, 10, 1, 0),
(1027, '45', 14, 1, '2019-08-05 17:00:00', 15, 10, 1, 0),
(1028, '45', 1, 1, '2019-08-05 17:00:00', 16, 10, 1, 0),
(1029, '45', 46, 1, '2019-08-05 17:00:00', 17, 10, 1, 0),
(1030, '45', 42, 1, '2019-08-05 17:00:00', 18, 10, 1, 0),
(1031, '45', 42, 1, '2019-08-05 17:00:00', 19, 10, 1, 0),
(1032, '45', 1, 1, '2019-08-05 17:00:00', 20, 10, 1, 0),
(1033, '45', 28, 1, '2019-08-05 17:00:00', 21, 14, 1, 0),
(1034, '45', 9, 1, '2019-08-05 17:00:00', 22, 14, 1, 0),
(1035, '45', 7, 1, '2019-08-05 17:00:00', 23, 14, 1, 0),
(1036, '46', 15, 1, '2019-08-05 17:15:00', 1, 12, 1, 0),
(1037, '46', 13, 1, '2019-08-05 17:15:00', 2, 12, 1, 0),
(1038, '46', 1, 1, '2019-08-05 17:15:00', 3, 12, 1, 0),
(1039, '46', 42, 1, '2019-08-05 17:15:00', 4, 12, 1, 0),
(1040, '46', 42, 1, '2019-08-05 17:15:00', 5, 12, 1, 0),
(1041, '46', 42, 1, '2019-08-05 17:15:00', 6, 12, 1, 0),
(1042, '46', 1, 1, '2019-08-05 17:15:00', 7, 11, 1, 0),
(1043, '46', 15, 1, '2019-08-05 17:15:00', 8, 11, 1, 0),
(1044, '46', 31, 1, '2019-08-05 17:15:00', 9, 11, 1, 0),
(1045, '46', 1, 1, '2019-08-05 17:15:00', 10, 11, 1, 0),
(1046, '46', 35, 1, '2019-08-05 17:15:00', 11, 11, 1, 0),
(1047, '46', 38, 1, '2019-08-05 17:15:00', 12, 11, 1, 0),
(1048, '46', 15, 1, '2019-08-05 17:15:00', 13, 11, 1, 0),
(1049, '46', 42, 1, '2019-08-05 17:15:00', 14, 10, 1, 0),
(1050, '46', 14, 1, '2019-08-05 17:15:00', 15, 10, 1, 0),
(1051, '46', 1, 1, '2019-08-05 17:15:00', 16, 10, 1, 0),
(1052, '46', 23, 1, '2019-08-05 17:15:00', 17, 10, 1, 0),
(1053, '46', 26, 1, '2019-08-05 17:15:00', 18, 10, 1, 0),
(1054, '46', 42, 1, '2019-08-05 17:15:00', 19, 10, 1, 0),
(1055, '46', 1, 1, '2019-08-05 17:15:00', 20, 10, 1, 0),
(1056, '46', 28, 1, '2019-08-05 17:15:00', 21, 14, 1, 0),
(1057, '46', 15, 1, '2019-08-05 17:15:00', 22, 14, 1, 0),
(1058, '46', 7, 1, '2019-08-05 17:15:00', 23, 14, 1, 0),
(1059, '47', 17, 1, '2019-08-05 17:30:00', 1, 12, 1, 0),
(1060, '47', 13, 1, '2019-08-05 17:30:00', 2, 12, 1, 0),
(1061, '47', 1, 1, '2019-08-05 17:30:00', 3, 12, 1, 0),
(1062, '47', 42, 1, '2019-08-05 17:30:00', 4, 12, 1, 0),
(1063, '47', 15, 1, '2019-08-05 17:30:00', 5, 12, 1, 0),
(1064, '47', 15, 1, '2019-08-05 17:30:00', 6, 12, 1, 0),
(1065, '47', 1, 1, '2019-08-05 17:30:00', 7, 11, 1, 0),
(1066, '47', 15, 1, '2019-08-05 17:30:00', 8, 11, 1, 0),
(1067, '47', 31, 1, '2019-08-05 17:30:00', 9, 11, 1, 0),
(1068, '47', 1, 1, '2019-08-05 17:30:00', 10, 11, 1, 0),
(1069, '47', 35, 1, '2019-08-05 17:30:00', 11, 11, 1, 0),
(1070, '47', 15, 1, '2019-08-05 17:30:00', 12, 11, 1, 0),
(1071, '47', 15, 1, '2019-08-05 17:30:00', 13, 11, 1, 0),
(1072, '47', 15, 1, '2019-08-05 17:30:00', 14, 10, 1, 0),
(1073, '47', 28, 1, '2019-08-05 17:30:00', 15, 10, 1, 0),
(1074, '47', 15, 1, '2019-08-05 17:30:00', 16, 10, 1, 0),
(1075, '47', 23, 1, '2019-08-05 17:30:00', 17, 10, 1, 0),
(1076, '47', 15, 1, '2019-08-05 17:30:00', 18, 10, 1, 0),
(1077, '47', 15, 1, '2019-08-05 17:30:00', 19, 10, 1, 0),
(1078, '47', 1, 1, '2019-08-05 17:30:00', 20, 10, 1, 0),
(1079, '47', 28, 1, '2019-08-05 17:30:00', 21, 14, 1, 0),
(1080, '47', 15, 1, '2019-08-05 17:30:00', 22, 14, 1, 0),
(1081, '47', 28, 1, '2019-08-05 17:30:00', 23, 14, 1, 0),
(1082, '48', 1, 1, '2019-08-05 17:45:00', 1, 12, 1, 0),
(1083, '48', 15, 1, '2019-08-05 17:45:00', 2, 12, 1, 0),
(1084, '48', 1, 1, '2019-08-05 17:45:00', 3, 12, 1, 0),
(1085, '48', 42, 1, '2019-08-05 17:45:00', 4, 12, 1, 0),
(1086, '48', 15, 1, '2019-08-05 17:45:00', 5, 12, 1, 0),
(1087, '48', 26, 1, '2019-08-05 17:45:00', 6, 12, 1, 0),
(1088, '48', 1, 1, '2019-08-05 17:45:00', 7, 11, 1, 0),
(1089, '48', 17, 1, '2019-08-05 17:45:00', 8, 11, 1, 0),
(1090, '48', 31, 1, '2019-08-05 17:45:00', 9, 11, 1, 0),
(1091, '48', 15, 1, '2019-08-05 17:45:00', 10, 11, 1, 0),
(1092, '48', 17, 1, '2019-08-05 17:45:00', 11, 11, 1, 0),
(1093, '48', 15, 1, '2019-08-05 17:45:00', 12, 11, 1, 0),
(1094, '48', 15, 1, '2019-08-05 17:45:00', 13, 11, 1, 0),
(1095, '48', 15, 1, '2019-08-05 17:45:00', 14, 10, 1, 0),
(1096, '48', 28, 1, '2019-08-05 17:45:00', 15, 10, 1, 0),
(1097, '48', 15, 1, '2019-08-05 17:45:00', 16, 10, 1, 0),
(1098, '48', 17, 1, '2019-08-05 17:45:00', 17, 10, 1, 0),
(1099, '48', 15, 1, '2019-08-05 17:45:00', 18, 10, 1, 0),
(1100, '48', 15, 1, '2019-08-05 17:45:00', 19, 10, 1, 0),
(1101, '48', 1, 1, '2019-08-05 17:45:00', 20, 10, 1, 0),
(1102, '48', 28, 1, '2019-08-05 17:45:00', 21, 14, 1, 0),
(1103, '48', 17, 1, '2019-08-05 17:45:00', 22, 14, 1, 0),
(1104, '48', 15, 1, '2019-08-05 17:45:00', 23, 14, 1, 0),
(1105, '49', 1, 1, '2019-08-05 18:00:00', 1, 12, 1, 0),
(1106, '49', 15, 1, '2019-08-05 18:00:00', 2, 12, 1, 0),
(1107, '49', 1, 1, '2019-08-05 18:00:00', 3, 12, 1, 0),
(1108, '49', 15, 1, '2019-08-05 18:00:00', 4, 12, 1, 0),
(1109, '49', 15, 1, '2019-08-05 18:00:00', 5, 12, 1, 0),
(1110, '49', 15, 1, '2019-08-05 18:00:00', 6, 12, 1, 0),
(1111, '49', 1, 1, '2019-08-05 18:00:00', 7, 11, 1, 0),
(1112, '49', 42, 1, '2019-08-05 18:00:00', 8, 11, 1, 0),
(1113, '49', 15, 1, '2019-08-05 18:00:00', 9, 11, 1, 0),
(1114, '49', 15, 1, '2019-08-05 18:00:00', 10, 11, 1, 0),
(1115, '49', 15, 1, '2019-08-05 18:00:00', 11, 11, 1, 0),
(1116, '49', 15, 1, '2019-08-05 18:00:00', 12, 11, 1, 0),
(1117, '49', 17, 1, '2019-08-05 18:00:00', 13, 11, 1, 0),
(1118, '49', 15, 1, '2019-08-05 18:00:00', 14, 10, 1, 0),
(1119, '49', 15, 1, '2019-08-05 18:00:00', 15, 10, 1, 0),
(1120, '49', 15, 1, '2019-08-05 18:00:00', 16, 10, 1, 0),
(1121, '49', 15, 1, '2019-08-05 18:00:00', 17, 10, 1, 0),
(1122, '49', 17, 1, '2019-08-05 18:00:00', 18, 10, 1, 0),
(1123, '49', 15, 1, '2019-08-05 18:00:00', 19, 10, 1, 0),
(1124, '49', 1, 1, '2019-08-05 18:00:00', 20, 10, 1, 0),
(1125, '49', 28, 1, '2019-08-05 18:00:00', 21, 14, 1, 0),
(1126, '49', 42, 1, '2019-08-05 18:00:00', 22, 14, 1, 0),
(1127, '49', 15, 1, '2019-08-05 18:00:00', 23, 14, 1, 0),
(1128, '50', 1, 1, '2019-08-05 18:15:00', 1, 12, 1, 0),
(1129, '50', 17, 1, '2019-08-05 18:15:00', 2, 12, 1, 0),
(1130, '50', 1, 1, '2019-08-05 18:15:00', 3, 12, 1, 0),
(1131, '50', 15, 1, '2019-08-05 18:15:00', 4, 12, 1, 0),
(1132, '50', 15, 1, '2019-08-05 18:15:00', 5, 12, 1, 0),
(1133, '50', 17, 1, '2019-08-05 18:15:00', 6, 12, 1, 0),
(1134, '50', 1, 1, '2019-08-05 18:15:00', 7, 11, 1, 0),
(1135, '50', 42, 1, '2019-08-05 18:15:00', 8, 11, 1, 0),
(1136, '50', 15, 1, '2019-08-05 18:15:00', 9, 11, 1, 0),
(1137, '50', 17, 1, '2019-08-05 18:15:00', 10, 11, 1, 0),
(1138, '50', 15, 1, '2019-08-05 18:15:00', 11, 11, 1, 0),
(1139, '50', 1, 1, '2019-08-05 18:15:00', 12, 11, 1, 0),
(1140, '50', 38, 1, '2019-08-05 18:15:00', 13, 11, 1, 0),
(1141, '50', 15, 1, '2019-08-05 18:15:00', 14, 10, 1, 0),
(1142, '50', 15, 1, '2019-08-05 18:15:00', 15, 10, 1, 0),
(1143, '50', 15, 1, '2019-08-05 18:15:00', 16, 10, 1, 0),
(1144, '50', 15, 1, '2019-08-05 18:15:00', 17, 10, 1, 0),
(1145, '50', 1, 1, '2019-08-05 18:15:00', 18, 10, 1, 0),
(1146, '50', 15, 1, '2019-08-05 18:15:00', 19, 10, 1, 0),
(1147, '50', 1, 1, '2019-08-05 18:15:00', 20, 10, 1, 0),
(1148, '50', 28, 1, '2019-08-05 18:15:00', 21, 14, 1, 0),
(1149, '50', 42, 1, '2019-08-05 18:15:00', 22, 14, 1, 0),
(1150, '50', 15, 1, '2019-08-05 18:15:00', 23, 14, 1, 0),
(1151, '51', 19, 1, '2019-08-05 18:30:00', 1, 12, 1, 0),
(1152, '51', 1, 1, '2019-08-05 18:30:00', 2, 12, 1, 0),
(1153, '51', 1, 1, '2019-08-05 18:30:00', 3, 12, 1, 0),
(1154, '51', 17, 1, '2019-08-05 18:30:00', 4, 12, 1, 0),
(1155, '51', 1, 1, '2019-08-05 18:30:00', 5, 12, 1, 0),
(1156, '51', 42, 1, '2019-08-05 18:30:00', 6, 12, 1, 0),
(1157, '51', 1, 1, '2019-08-05 18:30:00', 7, 11, 1, 0),
(1158, '51', 42, 1, '2019-08-05 18:30:00', 8, 11, 1, 0),
(1159, '51', 15, 1, '2019-08-05 18:30:00', 9, 11, 1, 0),
(1160, '51', 17, 1, '2019-08-05 18:30:00', 10, 11, 1, 0),
(1161, '51', 17, 1, '2019-08-05 18:30:00', 11, 11, 1, 0),
(1162, '51', 17, 1, '2019-08-05 18:30:00', 12, 11, 1, 0),
(1163, '51', 42, 1, '2019-08-05 18:30:00', 13, 11, 1, 0),
(1164, '51', 42, 1, '2019-08-05 18:30:00', 14, 10, 1, 0),
(1165, '51', 15, 1, '2019-08-05 18:30:00', 15, 10, 1, 0),
(1166, '51', 42, 1, '2019-08-05 18:30:00', 16, 10, 1, 0),
(1167, '51', 17, 1, '2019-08-05 18:30:00', 17, 10, 1, 0),
(1168, '51', 19, 1, '2019-08-05 18:30:00', 18, 10, 1, 0),
(1169, '51', 42, 1, '2019-08-05 18:30:00', 19, 10, 1, 0),
(1170, '51', 1, 1, '2019-08-05 18:30:00', 20, 10, 1, 0),
(1171, '51', 28, 1, '2019-08-05 18:30:00', 21, 14, 1, 0),
(1172, '51', 42, 1, '2019-08-05 18:30:00', 22, 14, 1, 0),
(1173, '51', 15, 1, '2019-08-05 18:30:00', 23, 14, 1, 0),
(1174, '52', 19, 1, '2019-08-05 18:45:00', 1, 12, 1, 0),
(1175, '52', 1, 1, '2019-08-05 18:45:00', 2, 12, 1, 0),
(1176, '52', 1, 1, '2019-08-05 18:45:00', 3, 12, 1, 0),
(1177, '52', 17, 1, '2019-08-05 18:45:00', 4, 12, 1, 0),
(1178, '52', 26, 1, '2019-08-05 18:45:00', 5, 12, 1, 0),
(1179, '52', 42, 1, '2019-08-05 18:45:00', 6, 12, 1, 0),
(1180, '52', 1, 1, '2019-08-05 18:45:00', 7, 11, 1, 0),
(1181, '52', 19, 1, '2019-08-05 18:45:00', 8, 11, 1, 0),
(1182, '52', 42, 1, '2019-08-05 18:45:00', 9, 11, 1, 0),
(1183, '52', 1, 1, '2019-08-05 18:45:00', 10, 11, 1, 0),
(1184, '52', 1, 1, '2019-08-05 18:45:00', 11, 11, 1, 0),
(1185, '52', 19, 1, '2019-08-05 18:45:00', 12, 11, 1, 0),
(1186, '52', 42, 1, '2019-08-05 18:45:00', 13, 11, 1, 0),
(1187, '52', 42, 1, '2019-08-05 18:45:00', 14, 10, 1, 0),
(1188, '52', 26, 1, '2019-08-05 18:45:00', 15, 10, 1, 0),
(1189, '52', 42, 1, '2019-08-05 18:45:00', 16, 10, 1, 0),
(1190, '52', 38, 1, '2019-08-05 18:45:00', 17, 10, 1, 0),
(1191, '52', 19, 1, '2019-08-05 18:45:00', 18, 10, 1, 0),
(1192, '52', 42, 1, '2019-08-05 18:45:00', 19, 10, 1, 0),
(1193, '52', 1, 1, '2019-08-05 18:45:00', 20, 10, 1, 0),
(1194, '52', 42, 1, '2019-08-05 18:45:00', 21, 14, 1, 0),
(1195, '52', 42, 1, '2019-08-05 18:45:00', 22, 14, 1, 0),
(1196, '52', 1, 1, '2019-08-05 18:45:00', 23, 14, 1, 0),
(1197, '53', 19, 1, '2019-08-05 19:00:00', 1, 12, 1, 0),
(1198, '53', 42, 1, '2019-08-05 19:00:00', 2, 12, 1, 0),
(1199, '53', 1, 1, '2019-08-05 19:00:00', 3, 12, 1, 0),
(1200, '53', 42, 1, '2019-08-05 19:00:00', 4, 12, 1, 0),
(1201, '53', 42, 1, '2019-08-05 19:00:00', 5, 12, 1, 0),
(1202, '53', 42, 1, '2019-08-05 19:00:00', 6, 12, 1, 0),
(1203, '53', 1, 1, '2019-08-05 19:00:00', 7, 11, 1, 0),
(1204, '53', 19, 1, '2019-08-05 19:00:00', 8, 11, 1, 0),
(1205, '53', 42, 1, '2019-08-05 19:00:00', 9, 11, 1, 0),
(1206, '53', 38, 1, '2019-08-05 19:00:00', 10, 11, 1, 0),
(1207, '53', 25, 1, '2019-08-05 19:00:00', 11, 11, 1, 0),
(1208, '53', 19, 1, '2019-08-05 19:00:00', 12, 11, 1, 0),
(1209, '53', 42, 1, '2019-08-05 19:00:00', 13, 11, 1, 0),
(1210, '53', 42, 1, '2019-08-05 19:00:00', 14, 10, 1, 0),
(1211, '53', 42, 1, '2019-08-05 19:00:00', 15, 10, 1, 0),
(1212, '53', 42, 1, '2019-08-05 19:00:00', 16, 10, 1, 0),
(1213, '53', 35, 1, '2019-08-05 19:00:00', 17, 10, 1, 0),
(1214, '53', 19, 1, '2019-08-05 19:00:00', 18, 10, 1, 0),
(1215, '53', 42, 1, '2019-08-05 19:00:00', 19, 10, 1, 0),
(1216, '53', 1, 1, '2019-08-05 19:00:00', 20, 10, 1, 0),
(1217, '53', 42, 1, '2019-08-05 19:00:00', 21, 14, 1, 0),
(1218, '53', 42, 1, '2019-08-05 19:00:00', 22, 14, 1, 0),
(1219, '53', 42, 1, '2019-08-05 19:00:00', 23, 14, 1, 0),
(1220, '54', 19, 1, '2019-08-05 19:15:00', 1, 12, 1, 0),
(1221, '54', 42, 1, '2019-08-05 19:15:00', 2, 12, 1, 0),
(1222, '54', 1, 1, '2019-08-05 19:15:00', 3, 12, 1, 0),
(1223, '54', 42, 1, '2019-08-05 19:15:00', 4, 12, 1, 0),
(1224, '54', 42, 1, '2019-08-05 19:15:00', 5, 12, 1, 0),
(1225, '54', 42, 1, '2019-08-05 19:15:00', 6, 12, 1, 0),
(1226, '54', 1, 1, '2019-08-05 19:15:00', 7, 11, 1, 0),
(1227, '54', 19, 1, '2019-08-05 19:15:00', 8, 11, 1, 0),
(1228, '54', 42, 1, '2019-08-05 19:15:00', 9, 11, 1, 0),
(1229, '54', 42, 1, '2019-08-05 19:15:00', 10, 11, 1, 0),
(1230, '54', 25, 1, '2019-08-05 19:15:00', 11, 11, 1, 0),
(1231, '54', 19, 1, '2019-08-05 19:15:00', 12, 11, 1, 0),
(1232, '54', 42, 1, '2019-08-05 19:15:00', 13, 11, 1, 0),
(1233, '54', 42, 1, '2019-08-05 19:15:00', 14, 10, 1, 0),
(1234, '54', 42, 1, '2019-08-05 19:15:00', 15, 10, 1, 0),
(1235, '54', 42, 1, '2019-08-05 19:15:00', 16, 10, 1, 0),
(1236, '54', 32, 1, '2019-08-05 19:15:00', 17, 10, 1, 0),
(1237, '54', 19, 1, '2019-08-05 19:15:00', 18, 10, 1, 0),
(1238, '54', 42, 1, '2019-08-05 19:15:00', 19, 10, 1, 0),
(1239, '54', 1, 1, '2019-08-05 19:15:00', 20, 10, 1, 0),
(1240, '54', 42, 1, '2019-08-05 19:15:00', 21, 14, 1, 0),
(1241, '54', 42, 1, '2019-08-05 19:15:00', 22, 14, 1, 0),
(1242, '54', 42, 1, '2019-08-05 19:15:00', 23, 14, 1, 0),
(1243, '55', 19, 1, '2019-08-05 19:30:00', 1, 12, 1, 0),
(1244, '55', 26, 1, '2019-08-05 19:30:00', 2, 12, 1, 0),
(1245, '55', 1, 1, '2019-08-05 19:30:00', 3, 12, 1, 0),
(1246, '55', 42, 1, '2019-08-05 19:30:00', 4, 12, 1, 0),
(1247, '55', 42, 1, '2019-08-05 19:30:00', 5, 12, 1, 0),
(1248, '55', 42, 1, '2019-08-05 19:30:00', 6, 12, 1, 0),
(1249, '55', 1, 1, '2019-08-05 19:30:00', 7, 11, 1, 0),
(1250, '55', 19, 1, '2019-08-05 19:30:00', 8, 11, 1, 0),
(1251, '55', 42, 1, '2019-08-05 19:30:00', 9, 11, 1, 0),
(1252, '55', 42, 1, '2019-08-05 19:30:00', 10, 11, 1, 0),
(1253, '55', 1, 1, '2019-08-05 19:30:00', 11, 11, 1, 0),
(1254, '55', 19, 1, '2019-08-05 19:30:00', 12, 11, 1, 0),
(1255, '55', 42, 1, '2019-08-05 19:30:00', 13, 11, 1, 0),
(1256, '55', 42, 1, '2019-08-05 19:30:00', 14, 10, 1, 0),
(1257, '55', 42, 1, '2019-08-05 19:30:00', 15, 10, 1, 0),
(1258, '55', 42, 1, '2019-08-05 19:30:00', 16, 10, 1, 0),
(1259, '55', 32, 1, '2019-08-05 19:30:00', 17, 10, 1, 0),
(1260, '55', 19, 1, '2019-08-05 19:30:00', 18, 10, 1, 0),
(1261, '55', 42, 1, '2019-08-05 19:30:00', 19, 10, 1, 0),
(1262, '55', 1, 1, '2019-08-05 19:30:00', 20, 10, 1, 0),
(1263, '55', 42, 1, '2019-08-05 19:30:00', 21, 14, 1, 0),
(1264, '55', 42, 1, '2019-08-05 19:30:00', 22, 14, 1, 0),
(1265, '55', 42, 1, '2019-08-05 19:30:00', 23, 14, 1, 0),
(1266, '56', 19, 1, '2019-08-05 19:45:00', 1, 12, 1, 0),
(1267, '56', 21, 1, '2019-08-05 19:45:00', 2, 12, 1, 0),
(1268, '56', 1, 1, '2019-08-05 19:45:00', 3, 12, 1, 0),
(1269, '56', 42, 1, '2019-08-05 19:45:00', 4, 12, 1, 0),
(1270, '56', 42, 1, '2019-08-05 19:45:00', 5, 12, 1, 0),
(1271, '56', 42, 1, '2019-08-05 19:45:00', 6, 12, 1, 0),
(1272, '56', 1, 1, '2019-08-05 19:45:00', 7, 11, 1, 0),
(1273, '56', 19, 1, '2019-08-05 19:45:00', 8, 11, 1, 0),
(1274, '56', 42, 1, '2019-08-05 19:45:00', 9, 11, 1, 0),
(1275, '56', 42, 1, '2019-08-05 19:45:00', 10, 11, 1, 0),
(1276, '56', 1, 1, '2019-08-05 19:45:00', 11, 11, 1, 0),
(1277, '56', 19, 1, '2019-08-05 19:45:00', 12, 11, 1, 0),
(1278, '56', 42, 1, '2019-08-05 19:45:00', 13, 11, 1, 0),
(1279, '56', 42, 1, '2019-08-05 19:45:00', 14, 10, 1, 0),
(1280, '56', 42, 1, '2019-08-05 19:45:00', 15, 10, 1, 0),
(1281, '56', 42, 1, '2019-08-05 19:45:00', 16, 10, 1, 0),
(1282, '56', 42, 1, '2019-08-05 19:45:00', 17, 10, 1, 0),
(1283, '56', 19, 1, '2019-08-05 19:45:00', 18, 10, 1, 0),
(1284, '56', 42, 1, '2019-08-05 19:45:00', 19, 10, 1, 0),
(1285, '56', 1, 1, '2019-08-05 19:45:00', 20, 10, 1, 0),
(1286, '56', 42, 1, '2019-08-05 19:45:00', 21, 14, 1, 0),
(1287, '56', 42, 1, '2019-08-05 19:45:00', 22, 14, 1, 0),
(1288, '56', 42, 1, '2019-08-05 19:45:00', 23, 14, 1, 0),
(1289, '57', 26, 1, '2019-08-05 20:00:00', 1, 12, 1, 0),
(1290, '57', 42, 1, '2019-08-05 20:00:00', 2, 12, 1, 0),
(1291, '57', 1, 1, '2019-08-05 20:00:00', 3, 12, 1, 0),
(1292, '57', 26, 1, '2019-08-05 20:00:00', 4, 12, 1, 0),
(1293, '57', 42, 1, '2019-08-05 20:00:00', 5, 12, 1, 0),
(1294, '57', 42, 1, '2019-08-05 20:00:00', 6, 12, 1, 0),
(1295, '57', 1, 1, '2019-08-05 20:00:00', 7, 11, 1, 0),
(1296, '57', 19, 1, '2019-08-05 20:00:00', 8, 11, 1, 0),
(1297, '57', 42, 1, '2019-08-05 20:00:00', 9, 11, 1, 0),
(1298, '57', 42, 1, '2019-08-05 20:00:00', 10, 11, 1, 0),
(1299, '57', 42, 1, '2019-08-05 20:00:00', 11, 11, 1, 0),
(1300, '57', 38, 1, '2019-08-05 20:00:00', 12, 11, 1, 0),
(1301, '57', 42, 1, '2019-08-05 20:00:00', 13, 11, 1, 0),
(1302, '57', 42, 1, '2019-08-05 20:00:00', 14, 10, 1, 0),
(1303, '57', 42, 1, '2019-08-05 20:00:00', 15, 10, 1, 0),
(1304, '57', 42, 1, '2019-08-05 20:00:00', 16, 10, 1, 0),
(1305, '57', 31, 1, '2019-08-05 20:00:00', 17, 10, 1, 0),
(1306, '57', 42, 1, '2019-08-05 20:00:00', 18, 10, 1, 0),
(1307, '57', 42, 1, '2019-08-05 20:00:00', 19, 10, 1, 0),
(1308, '57', 1, 1, '2019-08-05 20:00:00', 20, 10, 1, 0),
(1309, '57', 42, 1, '2019-08-05 20:00:00', 21, 14, 1, 0),
(1310, '57', 42, 1, '2019-08-05 20:00:00', 22, 14, 1, 0),
(1311, '57', 42, 1, '2019-08-05 20:00:00', 23, 14, 1, 0),
(1312, '58', 42, 1, '2019-08-05 20:15:00', 1, 12, 1, 0),
(1313, '58', 42, 1, '2019-08-05 20:15:00', 2, 12, 1, 0),
(1314, '58', 1, 1, '2019-08-05 20:15:00', 3, 12, 1, 0),
(1315, '58', 42, 1, '2019-08-05 20:15:00', 4, 12, 1, 0),
(1316, '58', 42, 1, '2019-08-05 20:15:00', 5, 12, 1, 0),
(1317, '58', 42, 1, '2019-08-05 20:15:00', 6, 12, 1, 0),
(1318, '58', 1, 1, '2019-08-05 20:15:00', 7, 11, 1, 0),
(1319, '58', 19, 1, '2019-08-05 20:15:00', 8, 11, 1, 0),
(1320, '58', 42, 1, '2019-08-05 20:15:00', 9, 11, 1, 0),
(1321, '58', 1, 1, '2019-08-05 20:15:00', 10, 11, 1, 0),
(1322, '58', 42, 1, '2019-08-05 20:15:00', 11, 11, 1, 0),
(1323, '58', 19, 1, '2019-08-05 20:15:00', 12, 11, 1, 0),
(1324, '58', 42, 1, '2019-08-05 20:15:00', 13, 11, 1, 0),
(1325, '58', 42, 1, '2019-08-05 20:15:00', 14, 10, 1, 0),
(1326, '58', 42, 1, '2019-08-05 20:15:00', 15, 10, 1, 0),
(1327, '58', 42, 1, '2019-08-05 20:15:00', 16, 10, 1, 0),
(1328, '58', 32, 1, '2019-08-05 20:15:00', 17, 10, 1, 0),
(1329, '58', 42, 1, '2019-08-05 20:15:00', 18, 10, 1, 0),
(1330, '58', 42, 1, '2019-08-05 20:15:00', 19, 10, 1, 0),
(1331, '58', 1, 1, '2019-08-05 20:15:00', 20, 10, 1, 0),
(1332, '58', 42, 1, '2019-08-05 20:15:00', 21, 14, 1, 0),
(1333, '58', 42, 1, '2019-08-05 20:15:00', 22, 14, 1, 0),
(1334, '58', 42, 1, '2019-08-05 20:15:00', 23, 14, 1, 0),
(1335, '59', 42, 1, '2019-08-05 20:30:00', 1, 12, 1, 0),
(1336, '59', 42, 1, '2019-08-05 20:30:00', 2, 12, 1, 0),
(1337, '59', 1, 1, '2019-08-05 20:30:00', 3, 12, 1, 0),
(1338, '59', 42, 1, '2019-08-05 20:30:00', 4, 12, 1, 0),
(1339, '59', 42, 1, '2019-08-05 20:30:00', 5, 12, 1, 0),
(1340, '59', 42, 1, '2019-08-05 20:30:00', 6, 12, 1, 0),
(1341, '59', 1, 1, '2019-08-05 20:30:00', 7, 11, 1, 0),
(1342, '59', 42, 1, '2019-08-05 20:30:00', 8, 11, 1, 0),
(1343, '59', 42, 1, '2019-08-05 20:30:00', 9, 11, 1, 0),
(1344, '59', 42, 1, '2019-08-05 20:30:00', 10, 11, 1, 0),
(1345, '59', 42, 1, '2019-08-05 20:30:00', 11, 11, 1, 0),
(1346, '59', 42, 1, '2019-08-05 20:30:00', 12, 11, 1, 0),
(1347, '59', 42, 1, '2019-08-05 20:30:00', 13, 11, 1, 0),
(1348, '59', 42, 1, '2019-08-05 20:30:00', 14, 10, 1, 0),
(1349, '59', 42, 1, '2019-08-05 20:30:00', 15, 10, 1, 0),
(1350, '59', 42, 1, '2019-08-05 20:30:00', 16, 10, 1, 0),
(1351, '59', 32, 1, '2019-08-05 20:30:00', 17, 10, 1, 0),
(1352, '59', 42, 1, '2019-08-05 20:30:00', 18, 10, 1, 0),
(1353, '59', 42, 1, '2019-08-05 20:30:00', 19, 10, 1, 0),
(1354, '59', 1, 1, '2019-08-05 20:30:00', 20, 10, 1, 0),
(1355, '59', 42, 1, '2019-08-05 20:30:00', 21, 14, 1, 0),
(1356, '59', 42, 1, '2019-08-05 20:30:00', 22, 14, 1, 0),
(1357, '59', 42, 1, '2019-08-05 20:30:00', 23, 14, 1, 0),
(1358, '60', 42, 1, '2019-08-05 20:45:00', 1, 12, 1, 0),
(1359, '60', 42, 1, '2019-08-05 20:45:00', 2, 12, 1, 0),
(1360, '60', 1, 1, '2019-08-05 20:45:00', 3, 12, 1, 0),
(1361, '60', 42, 1, '2019-08-05 20:45:00', 4, 12, 1, 0),
(1362, '60', 42, 1, '2019-08-05 20:45:00', 5, 12, 1, 0),
(1363, '60', 42, 1, '2019-08-05 20:45:00', 6, 12, 1, 0),
(1364, '60', 1, 1, '2019-08-05 20:45:00', 7, 11, 1, 0),
(1365, '60', 42, 1, '2019-08-05 20:45:00', 8, 11, 1, 0),
(1366, '60', 42, 1, '2019-08-05 20:45:00', 9, 11, 1, 0),
(1367, '60', 42, 1, '2019-08-05 20:45:00', 10, 11, 1, 0),
(1368, '60', 42, 1, '2019-08-05 20:45:00', 11, 11, 1, 0),
(1369, '60', 42, 1, '2019-08-05 20:45:00', 12, 11, 1, 0),
(1370, '60', 42, 1, '2019-08-05 20:45:00', 13, 11, 1, 0),
(1371, '60', 42, 1, '2019-08-05 20:45:00', 14, 10, 1, 0),
(1372, '60', 42, 1, '2019-08-05 20:45:00', 15, 10, 1, 0),
(1373, '60', 42, 1, '2019-08-05 20:45:00', 16, 10, 1, 0),
(1374, '60', 32, 1, '2019-08-05 20:45:00', 17, 10, 1, 0),
(1375, '60', 42, 1, '2019-08-05 20:45:00', 18, 10, 1, 0),
(1376, '60', 42, 1, '2019-08-05 20:45:00', 19, 10, 1, 0),
(1377, '60', 1, 1, '2019-08-05 20:45:00', 20, 10, 1, 0),
(1378, '60', 1, 1, '2019-08-05 20:45:00', 21, 14, 1, 0),
(1379, '60', 11, 1, '2019-08-05 20:45:00', 22, 14, 1, 0),
(1380, '60', 42, 1, '2019-08-05 20:45:00', 23, 14, 1, 0),
(1381, '61', 42, 1, '2019-08-05 21:00:00', 1, 12, 1, 0),
(1382, '61', 42, 1, '2019-08-05 21:00:00', 2, 12, 1, 0),
(1383, '61', 1, 1, '2019-08-05 21:00:00', 3, 12, 1, 0),
(1384, '61', 42, 1, '2019-08-05 21:00:00', 4, 12, 1, 0),
(1385, '61', 42, 1, '2019-08-05 21:00:00', 5, 12, 1, 0),
(1386, '61', 42, 1, '2019-08-05 21:00:00', 6, 12, 1, 0),
(1387, '61', 1, 1, '2019-08-05 21:00:00', 7, 11, 1, 0),
(1388, '61', 42, 1, '2019-08-05 21:00:00', 8, 11, 1, 0),
(1389, '61', 42, 1, '2019-08-05 21:00:00', 9, 11, 1, 0),
(1390, '61', 42, 1, '2019-08-05 21:00:00', 10, 11, 1, 0),
(1391, '61', 1, 1, '2019-08-05 21:00:00', 11, 11, 1, 0),
(1392, '61', 42, 1, '2019-08-05 21:00:00', 12, 11, 1, 0),
(1393, '61', 42, 1, '2019-08-05 21:00:00', 13, 11, 1, 0),
(1394, '61', 42, 1, '2019-08-05 21:00:00', 14, 10, 1, 0),
(1395, '61', 42, 1, '2019-08-05 21:00:00', 15, 10, 1, 0),
(1396, '61', 26, 1, '2019-08-05 21:00:00', 16, 10, 1, 0),
(1397, '61', 38, 1, '2019-08-05 21:00:00', 17, 10, 1, 0),
(1398, '61', 42, 1, '2019-08-05 21:00:00', 18, 10, 1, 0),
(1399, '61', 39, 1, '2019-08-05 21:00:00', 19, 10, 1, 0),
(1400, '61', 1, 1, '2019-08-05 21:00:00', 20, 10, 1, 0),
(1401, '61', 26, 1, '2019-08-05 21:00:00', 21, 14, 1, 0),
(1402, '61', 42, 1, '2019-08-05 21:00:00', 22, 14, 1, 0),
(1403, '61', 42, 1, '2019-08-05 21:00:00', 23, 14, 1, 0),
(1404, '62', 42, 1, '2019-08-05 21:15:00', 1, 12, 1, 0),
(1405, '62', 42, 1, '2019-08-05 21:15:00', 2, 12, 1, 0),
(1406, '62', 1, 1, '2019-08-05 21:15:00', 3, 12, 1, 0),
(1407, '62', 42, 1, '2019-08-05 21:15:00', 4, 12, 1, 0),
(1408, '62', 42, 1, '2019-08-05 21:15:00', 5, 12, 1, 0),
(1409, '62', 42, 1, '2019-08-05 21:15:00', 6, 12, 1, 0),
(1410, '62', 1, 1, '2019-08-05 21:15:00', 7, 11, 1, 0),
(1411, '62', 42, 1, '2019-08-05 21:15:00', 8, 11, 1, 0),
(1412, '62', 42, 1, '2019-08-05 21:15:00', 9, 11, 1, 0),
(1413, '62', 42, 1, '2019-08-05 21:15:00', 10, 11, 1, 0),
(1414, '62', 1, 1, '2019-08-05 21:15:00', 11, 11, 1, 0),
(1415, '62', 42, 1, '2019-08-05 21:15:00', 12, 11, 1, 0),
(1416, '62', 1, 1, '2019-08-05 21:15:00', 13, 11, 1, 0),
(1417, '62', 42, 1, '2019-08-05 21:15:00', 14, 10, 1, 0),
(1418, '62', 42, 1, '2019-08-05 21:15:00', 15, 10, 1, 0),
(1419, '62', 42, 1, '2019-08-05 21:15:00', 16, 10, 1, 0),
(1420, '62', 3, 1, '2019-08-05 21:15:00', 17, 10, 1, 0),
(1421, '62', 42, 1, '2019-08-05 21:15:00', 18, 10, 1, 0),
(1422, '62', 39, 1, '2019-08-05 21:15:00', 19, 10, 1, 0),
(1423, '62', 1, 1, '2019-08-05 21:15:00', 20, 10, 1, 0),
(1424, '62', 1, 1, '2019-08-05 21:15:00', 21, 14, 1, 0),
(1425, '62', 42, 1, '2019-08-05 21:15:00', 22, 14, 1, 0),
(1426, '62', 42, 1, '2019-08-05 21:15:00', 23, 14, 1, 0),
(1427, '63', 42, 1, '2019-08-05 21:30:00', 1, 12, 1, 0),
(1428, '63', 42, 1, '2019-08-05 21:30:00', 2, 12, 1, 0),
(1429, '63', 1, 1, '2019-08-05 21:30:00', 3, 12, 1, 0),
(1430, '63', 42, 1, '2019-08-05 21:30:00', 4, 12, 1, 0),
(1431, '63', 42, 1, '2019-08-05 21:30:00', 5, 12, 1, 0),
(1432, '63', 42, 1, '2019-08-05 21:30:00', 6, 12, 1, 0),
(1433, '63', 1, 1, '2019-08-05 21:30:00', 7, 11, 1, 0),
(1434, '63', 36, 1, '2019-08-05 21:30:00', 8, 11, 1, 0),
(1435, '63', 42, 1, '2019-08-05 21:30:00', 9, 11, 1, 0),
(1436, '63', 3, 1, '2019-08-05 21:30:00', 10, 11, 1, 0),
(1437, '63', 1, 1, '2019-08-05 21:30:00', 11, 11, 1, 0),
(1438, '63', 38, 1, '2019-08-05 21:30:00', 12, 11, 1, 0),
(1439, '63', 36, 1, '2019-08-05 21:30:00', 13, 11, 1, 0),
(1440, '63', 42, 1, '2019-08-05 21:30:00', 14, 10, 1, 0),
(1441, '63', 42, 1, '2019-08-05 21:30:00', 15, 10, 1, 0),
(1442, '63', 39, 1, '2019-08-05 21:30:00', 16, 10, 1, 0),
(1443, '63', 27, 1, '2019-08-05 21:30:00', 17, 10, 1, 0),
(1444, '63', 27, 1, '2019-08-05 21:30:00', 18, 10, 1, 0),
(1445, '63', 27, 1, '2019-08-05 21:30:00', 19, 10, 1, 0),
(1446, '63', 1, 1, '2019-08-05 21:30:00', 20, 10, 1, 0),
(1447, '63', 1, 1, '2019-08-05 21:30:00', 21, 14, 1, 0),
(1448, '63', 42, 1, '2019-08-05 21:30:00', 22, 14, 1, 0),
(1449, '63', 42, 1, '2019-08-05 21:30:00', 23, 14, 1, 0),
(1450, '64', 36, 1, '2019-08-05 21:45:00', 1, 12, 1, 0),
(1451, '64', 42, 1, '2019-08-05 21:45:00', 2, 12, 1, 0),
(1452, '64', 1, 1, '2019-08-05 21:45:00', 3, 12, 1, 0),
(1453, '64', 42, 1, '2019-08-05 21:45:00', 4, 12, 1, 0),
(1454, '64', 42, 1, '2019-08-05 21:45:00', 5, 12, 1, 0),
(1455, '64', 3, 1, '2019-08-05 21:45:00', 6, 12, 1, 0),
(1456, '64', 1, 1, '2019-08-05 21:45:00', 7, 11, 1, 0),
(1457, '64', 27, 1, '2019-08-05 21:45:00', 8, 11, 1, 0),
(1458, '64', 42, 1, '2019-08-05 21:45:00', 9, 11, 1, 0),
(1459, '64', 36, 1, '2019-08-05 21:45:00', 10, 11, 1, 0),
(1460, '64', 3, 1, '2019-08-05 21:45:00', 11, 11, 1, 0),
(1461, '64', 27, 1, '2019-08-05 21:45:00', 12, 11, 1, 0),
(1462, '64', 38, 1, '2019-08-05 21:45:00', 13, 11, 1, 0),
(1463, '64', 42, 1, '2019-08-05 21:45:00', 14, 10, 1, 0),
(1464, '64', 42, 1, '2019-08-05 21:45:00', 15, 10, 1, 0),
(1465, '64', 36, 1, '2019-08-05 21:45:00', 16, 10, 1, 0),
(1466, '64', 32, 1, '2019-08-05 21:45:00', 17, 10, 1, 0),
(1467, '64', 36, 1, '2019-08-05 21:45:00', 18, 10, 1, 0),
(1468, '64', 1, 1, '2019-08-05 21:45:00', 19, 10, 1, 0),
(1469, '64', 1, 1, '2019-08-05 21:45:00', 20, 10, 1, 0),
(1470, '64', 1, 1, '2019-08-05 21:45:00', 21, 14, 1, 0),
(1471, '64', 42, 1, '2019-08-05 21:45:00', 22, 14, 1, 0),
(1472, '64', 42, 1, '2019-08-05 21:45:00', 23, 14, 1, 0),
(1473, '65', 27, 1, '2019-08-05 22:00:00', 1, 12, 1, 0),
(1474, '65', 26, 1, '2019-08-05 22:00:00', 2, 12, 1, 0),
(1475, '65', 1, 1, '2019-08-05 22:00:00', 3, 12, 1, 0),
(1476, '65', 42, 1, '2019-08-05 22:00:00', 4, 12, 1, 0),
(1477, '65', 42, 1, '2019-08-05 22:00:00', 5, 12, 1, 0),
(1478, '65', 27, 1, '2019-08-05 22:00:00', 6, 12, 1, 0),
(1479, '65', 1, 1, '2019-08-05 22:00:00', 7, 11, 1, 0),
(1480, '65', 1, 1, '2019-08-05 22:00:00', 8, 11, 1, 0),
(1481, '65', 27, 1, '2019-08-05 22:00:00', 9, 11, 1, 0),
(1482, '65', 21, 1, '2019-08-05 22:00:00', 10, 11, 1, 0),
(1483, '65', 26, 1, '2019-08-05 22:00:00', 11, 11, 1, 0),
(1484, '65', 1, 1, '2019-08-05 22:00:00', 12, 11, 1, 0),
(1485, '65', 27, 1, '2019-08-05 22:00:00', 13, 11, 1, 0),
(1486, '65', 42, 1, '2019-08-05 22:00:00', 14, 10, 1, 0),
(1487, '65', 26, 1, '2019-08-05 22:00:00', 15, 10, 1, 0),
(1488, '65', 27, 1, '2019-08-05 22:00:00', 16, 10, 1, 0),
(1489, '65', 32, 1, '2019-08-05 22:00:00', 17, 10, 1, 0),
(1490, '65', 27, 1, '2019-08-05 22:00:00', 18, 10, 1, 0),
(1491, '65', 1, 1, '2019-08-05 22:00:00', 19, 10, 1, 0),
(1492, '65', 1, 1, '2019-08-05 22:00:00', 20, 10, 1, 0),
(1493, '65', 1, 1, '2019-08-05 22:00:00', 21, 14, 1, 0),
(1494, '65', 27, 1, '2019-08-05 22:00:00', 22, 14, 1, 0),
(1495, '65', 42, 1, '2019-08-05 22:00:00', 23, 14, 1, 0),
(1496, '66', 1, 1, '2019-08-05 22:15:00', 1, 12, 1, 0),
(1497, '66', 42, 1, '2019-08-05 22:15:00', 2, 12, 1, 0),
(1498, '66', 1, 1, '2019-08-05 22:15:00', 3, 12, 1, 0),
(1499, '66', 42, 1, '2019-08-05 22:15:00', 4, 12, 1, 0),
(1500, '66', 3, 1, '2019-08-05 22:15:00', 5, 12, 1, 0),
(1501, '66', 1, 1, '2019-08-05 22:15:00', 6, 12, 1, 0),
(1502, '66', 1, 1, '2019-08-05 22:15:00', 7, 11, 1, 0),
(1503, '66', 1, 1, '2019-08-05 22:15:00', 8, 11, 1, 0),
(1504, '66', 1, 1, '2019-08-05 22:15:00', 9, 11, 1, 0),
(1505, '66', 38, 1, '2019-08-05 22:15:00', 10, 11, 1, 0),
(1506, '66', 1, 1, '2019-08-05 22:15:00', 11, 11, 1, 0),
(1507, '66', 1, 1, '2019-08-05 22:15:00', 12, 11, 1, 0),
(1508, '66', 27, 1, '2019-08-05 22:15:00', 13, 11, 1, 0),
(1509, '66', 42, 1, '2019-08-05 22:15:00', 14, 10, 1, 0),
(1510, '66', 27, 1, '2019-08-05 22:15:00', 15, 10, 1, 0),
(1511, '66', 1, 1, '2019-08-05 22:15:00', 16, 10, 1, 0),
(1512, '66', 1, 1, '2019-08-05 22:15:00', 17, 10, 1, 0),
(1513, '66', 1, 1, '2019-08-05 22:15:00', 18, 10, 1, 0),
(1514, '66', 1, 1, '2019-08-05 22:15:00', 19, 10, 1, 0),
(1515, '66', 1, 1, '2019-08-05 22:15:00', 20, 10, 1, 0),
(1516, '66', 1, 1, '2019-08-05 22:15:00', 21, 14, 1, 0),
(1517, '66', 1, 1, '2019-08-05 22:15:00', 22, 14, 1, 0),
(1518, '66', 42, 1, '2019-08-05 22:15:00', 23, 14, 1, 0),
(1519, '67', 1, 1, '2019-08-05 22:30:00', 1, 12, 1, 0),
(1520, '67', 1, 1, '2019-08-05 22:30:00', 2, 12, 1, 0),
(1521, '67', 1, 1, '2019-08-05 22:30:00', 3, 12, 1, 0),
(1522, '67', 3, 1, '2019-08-05 22:30:00', 4, 12, 1, 0),
(1523, '67', 27, 1, '2019-08-05 22:30:00', 5, 12, 1, 0),
(1524, '67', 1, 1, '2019-08-05 22:30:00', 6, 12, 1, 0),
(1525, '67', 1, 1, '2019-08-05 22:30:00', 7, 11, 1, 0),
(1526, '67', 1, 1, '2019-08-05 22:30:00', 8, 11, 1, 0),
(1527, '67', 1, 1, '2019-08-05 22:30:00', 9, 11, 1, 0),
(1528, '67', 1, 1, '2019-08-05 22:30:00', 10, 11, 1, 0),
(1529, '67', 1, 1, '2019-08-05 22:30:00', 11, 11, 1, 0),
(1530, '67', 1, 1, '2019-08-05 22:30:00', 12, 11, 1, 0),
(1531, '67', 1, 1, '2019-08-05 22:30:00', 13, 11, 1, 0),
(1532, '67', 42, 1, '2019-08-05 22:30:00', 14, 10, 1, 0),
(1533, '67', 42, 1, '2019-08-05 22:30:00', 15, 10, 1, 0),
(1534, '67', 1, 1, '2019-08-05 22:30:00', 16, 10, 1, 0),
(1535, '67', 1, 1, '2019-08-05 22:30:00', 17, 10, 1, 0),
(1536, '67', 1, 1, '2019-08-05 22:30:00', 18, 10, 1, 0),
(1537, '67', 1, 1, '2019-08-05 22:30:00', 19, 10, 1, 0),
(1538, '67', 1, 1, '2019-08-05 22:30:00', 20, 10, 1, 0),
(1539, '67', 1, 1, '2019-08-05 22:30:00', 21, 14, 1, 0),
(1540, '67', 1, 1, '2019-08-05 22:30:00', 22, 14, 1, 0),
(1541, '67', 42, 1, '2019-08-05 22:30:00', 23, 14, 1, 0),
(1542, '68', 1, 1, '2019-08-05 22:45:00', 1, 12, 1, 0),
(1543, '68', 1, 1, '2019-08-05 22:45:00', 2, 12, 1, 0),
(1544, '68', 1, 1, '2019-08-05 22:45:00', 3, 12, 1, 0),
(1545, '68', 27, 1, '2019-08-05 22:45:00', 4, 12, 1, 0),
(1546, '68', 1, 1, '2019-08-05 22:45:00', 5, 12, 1, 0),
(1547, '68', 1, 1, '2019-08-05 22:45:00', 6, 12, 1, 0),
(1548, '68', 1, 1, '2019-08-05 22:45:00', 7, 11, 1, 0),
(1549, '68', 1, 1, '2019-08-05 22:45:00', 8, 11, 1, 0),
(1550, '68', 1, 1, '2019-08-05 22:45:00', 9, 11, 1, 0),
(1551, '68', 1, 1, '2019-08-05 22:45:00', 10, 11, 1, 0),
(1552, '68', 1, 1, '2019-08-05 22:45:00', 11, 11, 1, 0),
(1553, '68', 1, 1, '2019-08-05 22:45:00', 12, 11, 1, 0),
(1554, '68', 1, 1, '2019-08-05 22:45:00', 13, 11, 1, 0),
(1555, '68', 42, 1, '2019-08-05 22:45:00', 14, 10, 1, 0),
(1556, '68', 45, 1, '2019-08-05 22:45:00', 15, 10, 1, 0),
(1557, '68', 1, 1, '2019-08-05 22:45:00', 16, 10, 1, 0),
(1558, '68', 1, 1, '2019-08-05 22:45:00', 17, 10, 1, 0),
(1559, '68', 1, 1, '2019-08-05 22:45:00', 18, 10, 1, 0),
(1560, '68', 1, 1, '2019-08-05 22:45:00', 19, 10, 1, 0),
(1561, '68', 1, 1, '2019-08-05 22:45:00', 20, 10, 1, 0),
(1562, '68', 1, 1, '2019-08-05 22:45:00', 21, 14, 1, 0),
(1563, '68', 1, 1, '2019-08-05 22:45:00', 22, 14, 1, 0),
(1564, '68', 42, 1, '2019-08-05 22:45:00', 23, 14, 1, 0),
(1565, '69', 1, 1, '2019-08-05 23:00:00', 1, 12, 1, 0),
(1566, '69', 1, 1, '2019-08-05 23:00:00', 2, 12, 1, 0),
(1567, '69', 1, 1, '2019-08-05 23:00:00', 3, 12, 1, 0),
(1568, '69', 1, 1, '2019-08-05 23:00:00', 4, 12, 1, 0),
(1569, '69', 1, 1, '2019-08-05 23:00:00', 5, 12, 1, 0),
(1570, '69', 1, 1, '2019-08-05 23:00:00', 6, 12, 1, 0),
(1571, '69', 1, 1, '2019-08-05 23:00:00', 7, 11, 1, 0),
(1572, '69', 1, 1, '2019-08-05 23:00:00', 8, 11, 1, 0),
(1573, '69', 1, 1, '2019-08-05 23:00:00', 9, 11, 1, 0),
(1574, '69', 1, 1, '2019-08-05 23:00:00', 10, 11, 1, 0),
(1575, '69', 1, 1, '2019-08-05 23:00:00', 11, 11, 1, 0),
(1576, '69', 1, 1, '2019-08-05 23:00:00', 12, 11, 1, 0),
(1577, '69', 1, 1, '2019-08-05 23:00:00', 13, 11, 1, 0),
(1578, '69', 27, 1, '2019-08-05 23:00:00', 14, 10, 1, 0),
(1579, '69', 45, 1, '2019-08-05 23:00:00', 15, 10, 1, 0),
(1580, '69', 1, 1, '2019-08-05 23:00:00', 16, 10, 1, 0),
(1581, '69', 1, 1, '2019-08-05 23:00:00', 17, 10, 1, 0),
(1582, '69', 1, 1, '2019-08-05 23:00:00', 18, 10, 1, 0),
(1583, '69', 1, 1, '2019-08-05 23:00:00', 19, 10, 1, 0),
(1584, '69', 1, 1, '2019-08-05 23:00:00', 20, 10, 1, 0),
(1585, '69', 1, 1, '2019-08-05 23:00:00', 21, 14, 1, 0),
(1586, '69', 1, 1, '2019-08-05 23:00:00', 22, 14, 1, 0),
(1587, '69', 1, 1, '2019-08-05 23:00:00', 23, 14, 1, 0),
(1588, '70', 1, 1, '2019-08-05 23:15:00', 1, 12, 1, 0),
(1589, '70', 1, 1, '2019-08-05 23:15:00', 2, 12, 1, 0),
(1590, '70', 1, 1, '2019-08-05 23:15:00', 3, 12, 1, 0),
(1591, '70', 1, 1, '2019-08-05 23:15:00', 4, 12, 1, 0),
(1592, '70', 1, 1, '2019-08-05 23:15:00', 5, 12, 1, 0),
(1593, '70', 1, 1, '2019-08-05 23:15:00', 6, 12, 1, 0),
(1594, '70', 1, 1, '2019-08-05 23:15:00', 7, 11, 1, 0),
(1595, '70', 1, 1, '2019-08-05 23:15:00', 8, 11, 1, 0),
(1596, '70', 1, 1, '2019-08-05 23:15:00', 9, 11, 1, 0),
(1597, '70', 1, 1, '2019-08-05 23:15:00', 10, 11, 1, 0),
(1598, '70', 1, 1, '2019-08-05 23:15:00', 11, 11, 1, 0),
(1599, '70', 1, 1, '2019-08-05 23:15:00', 12, 11, 1, 0),
(1600, '70', 1, 1, '2019-08-05 23:15:00', 13, 11, 1, 0),
(1601, '70', 1, 1, '2019-08-05 23:15:00', 14, 10, 1, 0),
(1602, '70', 27, 1, '2019-08-05 23:15:00', 15, 10, 1, 0),
(1603, '70', 1, 1, '2019-08-05 23:15:00', 16, 10, 1, 0),
(1604, '70', 1, 1, '2019-08-05 23:15:00', 17, 10, 1, 0),
(1605, '70', 1, 1, '2019-08-05 23:15:00', 18, 10, 1, 0),
(1606, '70', 1, 1, '2019-08-05 23:15:00', 19, 10, 1, 0),
(1607, '70', 1, 1, '2019-08-05 23:15:00', 20, 10, 1, 0),
(1608, '70', 1, 1, '2019-08-05 23:15:00', 21, 14, 1, 0),
(1609, '70', 1, 1, '2019-08-05 23:15:00', 22, 14, 1, 0),
(1610, '70', 1, 1, '2019-08-05 23:15:00', 23, 14, 1, 0),
(1611, '71', 1, 1, '2019-08-05 23:30:00', 1, 12, 1, 0),
(1612, '71', 1, 1, '2019-08-05 23:30:00', 2, 12, 1, 0),
(1613, '71', 1, 1, '2019-08-05 23:30:00', 3, 12, 1, 0),
(1614, '71', 1, 1, '2019-08-05 23:30:00', 4, 12, 1, 0),
(1615, '71', 1, 1, '2019-08-05 23:30:00', 5, 12, 1, 0),
(1616, '71', 1, 1, '2019-08-05 23:30:00', 6, 12, 1, 0),
(1617, '71', 1, 1, '2019-08-05 23:30:00', 7, 11, 1, 0),
(1618, '71', 1, 1, '2019-08-05 23:30:00', 8, 11, 1, 0),
(1619, '71', 1, 1, '2019-08-05 23:30:00', 9, 11, 1, 0),
(1620, '71', 1, 1, '2019-08-05 23:30:00', 10, 11, 1, 0),
(1621, '71', 1, 1, '2019-08-05 23:30:00', 11, 11, 1, 0),
(1622, '71', 1, 1, '2019-08-05 23:30:00', 12, 11, 1, 0),
(1623, '71', 1, 1, '2019-08-05 23:30:00', 13, 11, 1, 0),
(1624, '71', 1, 1, '2019-08-05 23:30:00', 14, 10, 1, 0),
(1625, '71', 1, 1, '2019-08-05 23:30:00', 15, 10, 1, 0),
(1626, '71', 1, 1, '2019-08-05 23:30:00', 16, 10, 1, 0),
(1627, '71', 1, 1, '2019-08-05 23:30:00', 17, 10, 1, 0),
(1628, '71', 1, 1, '2019-08-05 23:30:00', 18, 10, 1, 0),
(1629, '71', 1, 1, '2019-08-05 23:30:00', 19, 10, 1, 0),
(1630, '71', 1, 1, '2019-08-05 23:30:00', 20, 10, 1, 0),
(1631, '71', 1, 1, '2019-08-05 23:30:00', 21, 14, 1, 0),
(1632, '71', 1, 1, '2019-08-05 23:30:00', 22, 14, 1, 0),
(1633, '71', 1, 1, '2019-08-05 23:30:00', 23, 14, 1, 0),
(1634, '72', 1, 1, '2019-08-05 23:45:00', 1, 12, 1, 0),
(1635, '72', 1, 1, '2019-08-05 23:45:00', 2, 12, 1, 0),
(1636, '72', 1, 1, '2019-08-05 23:45:00', 3, 12, 1, 0),
(1637, '72', 1, 1, '2019-08-05 23:45:00', 4, 12, 1, 0),
(1638, '72', 1, 1, '2019-08-05 23:45:00', 5, 12, 1, 0),
(1639, '72', 1, 1, '2019-08-05 23:45:00', 6, 12, 1, 0),
(1640, '72', 1, 1, '2019-08-05 23:45:00', 7, 11, 1, 0),
(1641, '72', 1, 1, '2019-08-05 23:45:00', 8, 11, 1, 0),
(1642, '72', 1, 1, '2019-08-05 23:45:00', 9, 11, 1, 0),
(1643, '72', 1, 1, '2019-08-05 23:45:00', 10, 11, 1, 0),
(1644, '72', 1, 1, '2019-08-05 23:45:00', 11, 11, 1, 0),
(1645, '72', 1, 1, '2019-08-05 23:45:00', 12, 11, 1, 0),
(1646, '72', 1, 1, '2019-08-05 23:45:00', 13, 11, 1, 0),
(1647, '72', 1, 1, '2019-08-05 23:45:00', 14, 10, 1, 0),
(1648, '72', 1, 1, '2019-08-05 23:45:00', 15, 10, 1, 0),
(1649, '72', 1, 1, '2019-08-05 23:45:00', 16, 10, 1, 0),
(1650, '72', 1, 1, '2019-08-05 23:45:00', 17, 10, 1, 0),
(1651, '72', 1, 1, '2019-08-05 23:45:00', 18, 10, 1, 0),
(1652, '72', 1, 1, '2019-08-05 23:45:00', 19, 10, 1, 0),
(1653, '72', 1, 1, '2019-08-05 23:45:00', 20, 10, 1, 0),
(1654, '72', 1, 1, '2019-08-05 23:45:00', 21, 14, 1, 0),
(1655, '72', 1, 1, '2019-08-05 23:45:00', 22, 14, 1, 0),
(1656, '72', 1, 1, '2019-08-05 23:45:00', 23, 14, 1, 0);

-- --------------------------------------------------------

--
-- Table structure for table `clients`
--

DROP TABLE IF EXISTS `clients`;
CREATE TABLE IF NOT EXISTS `clients` (
  `id` bigint(20) UNSIGNED NOT NULL AUTO_INCREMENT,
  `name` varchar(191) COLLATE utf8mb4_unicode_ci NOT NULL,
  `medische informatie` longtext COLLATE utf8mb4_unicode_ci NOT NULL,
  `medicatielijst` longtext COLLATE utf8mb4_unicode_ci NOT NULL,
  `nummers` longtext COLLATE utf8mb4_unicode_ci NOT NULL,
  `begeleidingsinfo` longtext COLLATE utf8mb4_unicode_ci NOT NULL,
  `begeleidingstaken` longtext COLLATE utf8mb4_unicode_ci NOT NULL,
  `rijksregisternummer` varchar(191) COLLATE utf8mb4_unicode_ci NOT NULL,
  `gsm` varchar(191) COLLATE utf8mb4_unicode_ci NOT NULL,
  `adres` varchar(191) COLLATE utf8mb4_unicode_ci NOT NULL,
  `picture` varchar(191) COLLATE utf8mb4_unicode_ci NOT NULL,
  PRIMARY KEY (`id`)
) ENGINE=MyISAM AUTO_INCREMENT=25 DEFAULT CHARSET=utf8mb4 COLLATE=utf8mb4_unicode_ci;

--
-- Dumping data for table `clients`
--

INSERT INTO `clients` (`id`, `name`, `medische informatie`, `medicatielijst`, `nummers`, `begeleidingsinfo`, `begeleidingstaken`, `rijksregisternummer`, `gsm`, `adres`, `picture`) VALUES
(1, 'Jos Lathouwers', '/', '/', '/', '/', '/', '/', '/', '/', 'images/profilePicture.png'),
(2, 'Kenneth Nagels', '/', '/', '/', '/', '/', '/', '/', '/', 'images/profilePicture.png'),
(3, 'Dieter couchez', '/', '/', '/', '/', '/', '/', '/', '/', 'images/profilePicture.png'),
(4, 'Koen Monserez', '/', '/', '/', '/', '/', '/', '/', '/', 'images/profilePicture.png'),
(5, 'Kristien Moortgat', '/', '/', '/', '/', '/', '/', '/', '/', 'images/profilePicture.png'),
(6, 'Bert Van Der sypt', '/', '/', '/', '/', '/', '/', '/', '/', 'images/profilePicture.png'),
(7, 'Filip Heye', '/', '/', '/', '/', '/', '/', '/', '/', 'images/profilePicture.png'),
(8, 'Werners elskens', '/', '/', '/', '/', '/', '/', '/', '/', 'images/profilePicture.png'),
(9, 'Gert Pauwels', '/', '/', '/', '/', '/', '/', '/', '/', 'images/profilePicture.png'),
(10, 'Annemie Smets', '/', '/', '/', '/', '/', '/', '/', '/', 'images/profilePicture.png'),
(11, 'Toon De Maersschalk', '/', '/', '/', '/', '/', '/', '/', '/', 'images/profilePicture.png'),
(12, 'Digo Bulteel', '/', '/', '/', '/', '/', '/', '/', '/', 'images/profilePicture.png'),
(13, 'Mylne Droeshout', '/', '/', '/', '/', '/', '/', '/', '/', 'images/profilePicture.png'),
(14, 'Carl Craft', '/', '/', '/', '/', '/', '/', '/', '/', 'images/profilePicture.png'),
(15, 'David De Passe', '/', '/', '/', '/', '/', '/', '/', '/', 'images/profilePicture.png'),
(16, 'An Lodens', '/', '/', '/', '/', '/', '/', '/', '/', 'images/profilePicture.png'),
(17, 'Toon Mertens', '/', '/', '/', '/', '/', '/', '/', '/', 'images/profilePicture.png'),
(18, 'Dirk Rasschaert', '/', '/', '/', '/', '/', '/', '/', '/', 'images/profilePicture.png'),
(19, 'Steve de Brandt', '/', '/', '/', '/', '/', '/', '/', '/', 'images/profilePicture.png'),
(20, 'Pascal ', '/', '/', '/', '/', '/', '/', '/', '/', 'images/profilePicture.png'),
(21, 'Sven Van Malderen', 'Hartproblematiek', 'Furosemide EG 40 mg  1 dosis om 9uur\n                                Pradaxa 150 mg  2x/dag - om 9u & 21u                            \n                                Pulmicort 200   2pufs om 9u & 21u\n                                Vanaf 24/04/19 kortdurend amoxicilline 100 mg en mometasone', '- ICE: 0497 07 07 79 (Mama: Regina Robeyns) \n-   Dr Elke de Breuck 052/52 28 70  \nIn geval van nood mag andere dokter ook', '-    Hartproblematiek    veel rust nodig\n-   Overschat zichzelf soms\n-   Opletten bij kou en hitte\n-   Heeft thuis- en poetshulp', '-   9:00 :\no   SMS controle inname medicatie\no   Controle  van scheren en tanden poetsen\n-   21:00 \no   SMS controle inname medicatie\n-   Bij ziekte: medicatie goed opvolgen', '93.09.23-399.54', '0498/71 77 93', 'Molenberg 201 Buggenhout 9255 Belgi', 'images/profilePicture.png'),
(22, 'Dorien Mertens', '-   Persoon met epilepsie (opvolging & registratie)\n-   Heeft oproepsysteem bij valincidenten\n-   Lage bloeddruk\n-   Bloedgroep: O+', 'Asaflow comp 80mg     1 smorgens 8u\n                                                            clopidogrel sandoz comp 75mg     1 s morgens 8u\n                                                            Emconcor minor comp 2.5mg   1 s morgens 8u\n                                                            Keppra 1000mg comp  1.5 smorgens 8u  &  1.5 s avonds 20u\n                                                            Lipitor 80 mg comp  1 s avonds 18u\n                                                            Topamax 100 mg comp 1 s morgens 8u & 1 s avonds 18u                            \n                                                            Paracetamol eg 1g comp  Indien nodig elke 6u, 1 dosis\n                                                            ', '/', '/', '/', '/', '/', '/', 'images/profilePicture.png'),
(23, 'Stefan Van Brouck ', '/', '/', '/', '/', '/', '/', '/', '/', 'images/profilePicture.png'),
(24, 'Iedereen', '/', '/', '/', '/', '/', '/', '/', '/', 'images/profilePicture.png');

-- --------------------------------------------------------

--
-- Table structure for table `employees`
--

DROP TABLE IF EXISTS `employees`;
CREATE TABLE IF NOT EXISTS `employees` (
  `id` bigint(20) UNSIGNED NOT NULL AUTO_INCREMENT,
  `name` varchar(191) COLLATE utf8mb4_unicode_ci NOT NULL,
  `note` longtext COLLATE utf8mb4_unicode_ci NOT NULL,
  PRIMARY KEY (`id`)
) ENGINE=MyISAM AUTO_INCREMENT=17 DEFAULT CHARSET=utf8mb4 COLLATE=utf8mb4_unicode_ci;

--
-- Dumping data for table `employees`
--

INSERT INTO `employees` (`id`, `name`, `note`) VALUES
(1, 'Carmen Van den Bossche', 'Carmen Van den Bossche'),
(2, 'Eline Claessens', 'Eline Claessens'),
(3, 'Alison Dupr', 'Alison Dupr'),
(4, 'Glenn Van der Vekens', 'Glenn Van der Vekens'),
(5, 'Frederik Boucquez', 'Frederik Boucquez'),
(6, 'Audrey Maeck', 'Audrey Maeck'),
(7, 'Ann Baudery', 'Ann Baudery'),
(8, 'Femke De Ridder', 'Femke De Ridder'),
(9, 'Debby De Croes', 'Debby De Croes'),
(10, 'Leen de Raes', 'Leen de Raes'),
(11, 'Jonathan Blondeel', 'Jonathan Blondeel'),
(12, 'Lindsay Kindermans', 'Lindsay Kindermans'),
(13, 'Mano Tot', 'Mano Tot'),
(14, 'Kathy Van Spitael', 'Kathy Van Spitael'),
(15, 'Marie Gousseau', 'Marie Gousseau'),
(16, 'Lies Vercauteren', 'Lies Vercauteren');

-- --------------------------------------------------------

--
-- Table structure for table `floors`
--

DROP TABLE IF EXISTS `floors`;
CREATE TABLE IF NOT EXISTS `floors` (
  `id` bigint(20) UNSIGNED NOT NULL AUTO_INCREMENT,
  `name` varchar(191) COLLATE utf8mb4_unicode_ci NOT NULL,
  PRIMARY KEY (`id`)
) ENGINE=MyISAM AUTO_INCREMENT=15 DEFAULT CHARSET=utf8mb4 COLLATE=utf8mb4_unicode_ci;

--
-- Dumping data for table `floors`
--

INSERT INTO `floors` (`id`, `name`) VALUES
(10, 'gelijk'),
(11, 'eerste'),
(12, 'tweede'),
(13, 'molenberg'),
(14, '');

-- --------------------------------------------------------

--
-- Table structure for table `migrations`
--

DROP TABLE IF EXISTS `migrations`;
CREATE TABLE IF NOT EXISTS `migrations` (
  `id` int(10) UNSIGNED NOT NULL AUTO_INCREMENT,
  `migration` varchar(191) COLLATE utf8mb4_unicode_ci NOT NULL,
  `batch` int(11) NOT NULL,
  PRIMARY KEY (`id`)
) ENGINE=MyISAM AUTO_INCREMENT=625 DEFAULT CHARSET=utf8mb4 COLLATE=utf8mb4_unicode_ci;

--
-- Dumping data for table `migrations`
--

INSERT INTO `migrations` (`id`, `migration`, `batch`) VALUES
(616, '2014_10_12_000000_create_users_table', 1),
(617, '2014_10_12_100000_create_password_resets_table', 1),
(618, '2019_06_21_235257_create_posts_table', 1),
(619, '2019_06_22_002447_create_tasks_table', 1),
(620, '2019_06_22_002455_create_cells_table', 1),
(621, '2019_08_01_105542_create_clients_table', 1),
(622, '2019_08_01_112531_create_floors_table', 1),
(623, '2019_08_21_132758_create_employees_table', 1),
(624, '2019_09_01_174505_create_categories_table', 1);

-- --------------------------------------------------------

--
-- Table structure for table `password_resets`
--

DROP TABLE IF EXISTS `password_resets`;
CREATE TABLE IF NOT EXISTS `password_resets` (
  `email` varchar(191) COLLATE utf8mb4_unicode_ci NOT NULL,
  `token` varchar(191) COLLATE utf8mb4_unicode_ci NOT NULL,
  `created_at` timestamp NULL DEFAULT NULL,
  KEY `password_resets_email_index` (`email`)
) ENGINE=MyISAM DEFAULT CHARSET=utf8mb4 COLLATE=utf8mb4_unicode_ci;

-- --------------------------------------------------------

--
-- Table structure for table `posts`
--

DROP TABLE IF EXISTS `posts`;
CREATE TABLE IF NOT EXISTS `posts` (
  `id` bigint(20) UNSIGNED NOT NULL AUTO_INCREMENT,
  `title` varchar(191) COLLATE utf8mb4_unicode_ci NOT NULL,
  `body` mediumtext COLLATE utf8mb4_unicode_ci NOT NULL,
  `created_at` timestamp NULL DEFAULT NULL,
  `updated_at` timestamp NULL DEFAULT NULL,
  PRIMARY KEY (`id`)
) ENGINE=MyISAM DEFAULT CHARSET=utf8mb4 COLLATE=utf8mb4_unicode_ci;

-- --------------------------------------------------------

--
-- Table structure for table `tasks`
--

DROP TABLE IF EXISTS `tasks`;
CREATE TABLE IF NOT EXISTS `tasks` (
  `id` bigint(20) UNSIGNED NOT NULL AUTO_INCREMENT,
  `name` varchar(191) COLLATE utf8mb4_unicode_ci NOT NULL,
  PRIMARY KEY (`id`)
) ENGINE=MyISAM AUTO_INCREMENT=47 DEFAULT CHARSET=utf8mb4 COLLATE=utf8mb4_unicode_ci;

--
-- Dumping data for table `tasks`
--

INSERT INTO `tasks` (`id`, `name`) VALUES
(1, ''),
(2, '/'),
(3, 'aankleden'),
(4, 'administratie'),
(5, 'baard scheren'),
(6, 'bed opmaken'),
(7, 'begeleid werk'),
(8, 'bezoek'),
(9, 'brievenbus'),
(10, 'bus'),
(11, 'controle gezondheid'),
(12, 'dagcentrum'),
(13, 'douchen'),
(14, 'drinken'),
(15, 'eten'),
(16, 'haarverzorging'),
(17, 'huishouden'),
(18, 'helpen in \'t Eigennest'),
(19, 'kaarten'),
(20, 'kine'),
(21, 'kledij klaarleggen'),
(22, 'koffie zetten'),
(23, 'koken'),
(24, 'logopedie'),
(25, 'MAB'),
(26, 'medicatie'),
(27, 'naar bed'),
(28, 'naar familie'),
(29, 'nagelverzorging'),
(30, 'opstaan'),
(31, 'PAB'),
(32, 'pab assistent'),
(33, 'poetshulp'),
(34, 'psycholoog'),
(35, 'rust'),
(36, 'tanden poetsen'),
(37, 'thuiszorg'),
(38, 'toilet'),
(39, 'verzorging'),
(40, 'vieruurtje'),
(41, 'voorbereiding weekend'),
(42, 'vrije tijd'),
(43, 'vrije tijd buitenshuis'),
(44, 'WAB'),
(45, 'wassen'),
(46, 'winkelen');

-- --------------------------------------------------------

--
-- Table structure for table `users`
--

DROP TABLE IF EXISTS `users`;
CREATE TABLE IF NOT EXISTS `users` (
  `id` bigint(20) UNSIGNED NOT NULL AUTO_INCREMENT,
  `name` varchar(191) COLLATE utf8mb4_unicode_ci NOT NULL,
  `email` varchar(191) COLLATE utf8mb4_unicode_ci NOT NULL,
  `email_verified_at` timestamp NULL DEFAULT NULL,
  `password` varchar(191) COLLATE utf8mb4_unicode_ci NOT NULL,
  `remember_token` varchar(100) COLLATE utf8mb4_unicode_ci DEFAULT NULL,
  `created_at` timestamp NULL DEFAULT NULL,
  `updated_at` timestamp NULL DEFAULT NULL,
  PRIMARY KEY (`id`),
  UNIQUE KEY `users_email_unique` (`email`)
) ENGINE=MyISAM DEFAULT CHARSET=utf8mb4 COLLATE=utf8mb4_unicode_ci;
COMMIT;

/*!40101 SET CHARACTER_SET_CLIENT=@OLD_CHARACTER_SET_CLIENT */;
/*!40101 SET CHARACTER_SET_RESULTS=@OLD_CHARACTER_SET_RESULTS */;
/*!40101 SET COLLATION_CONNECTION=@OLD_COLLATION_CONNECTION */;
